File,RMS_Mean,RMS_Std,MFCC_1,MFCC_2,MFCC_3,MFCC_4,MFCC_5,MFCC_6,MFCC_7,MFCC_8,MFCC_9,MFCC_10,MFCC_11,MFCC_12,MFCC_13
weld_1.wav,0.0020968372,0.0019046555,-605.4607,176.58588,-98.212494,45.200645,23.187916,-29.899418,32.707752,-6.712886,-7.1813025,21.74358,-14.130634,4.97484,10.751944
weld_10.wav,0.0018960984,0.001401601,-637.1785,204.77217,-123.159004,48.639046,13.570255,-36.835415,41.344078,-17.147308,-6.66473,28.931719,-23.182396,6.804846,10.771512
weld_100.wav,0.0016855603,0.00096642476,-591.84174,202.88766,-122.71292,48.241634,16.604767,-35.73073,38.782345,-17.127039,-7.114313,27.142796,-23.109325,5.4510245,9.759358
weld_1000.wav,0.0027933808,0.0015820956,-559.4394,211.33807,-126.87417,59.599987,22.4695,-41.544796,41.649498,-13.560491,-10.400151,26.920464,-22.336664,4.9982734,11.586344
weld_1001.wav,0.0022767386,0.0013209074,-572.51624,208.01663,-126.35481,56.575222,21.901371,-40.263615,40.098293,-14.261849,-10.13604,26.071304,-22.4199,5.189783,11.335972
weld_1002.wav,0.0030889353,0.001287172,-541.41,202.68059,-98.85373,58.36657,28.036736,-30.612629,38.933964,-7.2168264,-6.451602,24.266186,-18.433352,3.6871848,9.093234
weld_1003.wav,0.0021341909,0.0014283119,-580.49945,199.81075,-122.69657,53.322197,24.732615,-36.44332,38.45394,-10.711773,-7.048103,26.00321,-19.778679,6.742168,12.485454
weld_1004.wav,0.0025557363,0.0015650458,-565.7048,203.39098,-128.25749,56.57631,24.672522,-40.107204,40.776745,-10.917047,-9.703524,27.649334,-19.622738,4.4188724,12.215869
weld_1005.wav,0.0021452897,0.0011347781,-573.39764,206.68134,-125.412155,53.31322,22.336388,-39.430645,38.638004,-13.228818,-10.167111,25.841337,-20.625324,4.6341085,11.23687
weld_1006.wav,0.0025953264,0.0016470831,-563.9502,202.23367,-127.67583,54.12329,21.196886,-37.89962,40.65607,-13.717748,-7.565355,26.67491,-22.2333,7.0237722,11.814493
weld_1007.wav,0.0028692246,0.0018692414,-558.0649,205.9445,-125.34897,58.128048,22.550282,-40.45661,40.31528,-13.611906,-10.116266,26.366117,-21.714977,5.0921,11.225815
weld_1008.wav,0.0025680126,0.0016192098,-545.7522,177.63193,-113.1354,50.15019,21.163872,-36.21796,35.160164,-10.925384,-9.43818,23.947506,-18.159914,4.1392264,11.527788
weld_1009.wav,0.0020509532,0.0011890737,-585.2346,212.16675,-129.9648,56.974083,23.615389,-39.410995,41.762894,-13.663276,-9.25597,27.644804,-22.116215,5.789671,12.01789
weld_101.wav,0.0017609117,0.0009456754,-590.2262,210.07661,-131.58368,51.74642,16.686155,-38.452568,41.722862,-18.307154,-8.120604,28.477327,-23.92826,6.427178,9.868798
weld_1010.wav,0.0027580422,0.0016666874,-550.6169,197.27072,-119.61745,54.77493,22.211992,-36.039555,38.93041,-13.563152,-7.834156,25.651834,-21.788649,5.695675,10.643638
weld_1011.wav,0.0025885692,0.0016620238,-572.7084,209.2828,-136.17595,60.149525,22.487604,-42.50086,43.228065,-14.585126,-9.962014,28.42468,-22.593704,6.668031,12.521024
weld_1012.wav,0.0025968088,0.0017797663,-557.12335,188.8806,-122.31242,55.78588,22.701181,-38.674637,39.141415,-11.392492,-9.259338,26.107933,-19.570951,5.5609016,12.602251
weld_1013.wav,0.002773083,0.0016103629,-539.7278,179.81767,-125.763016,55.995026,20.168123,-39.135006,38.847836,-14.438855,-9.32492,25.566849,-21.741308,5.852745,11.436084
weld_1014.wav,0.0027770917,0.0014432298,-556.40295,214.42058,-137.02025,62.228863,22.549538,-43.514748,43.21477,-16.072685,-10.287655,28.320963,-24.050922,6.492595,11.953097
weld_1015.wav,0.0022489075,0.0013154049,-591.41077,222.72772,-145.51251,63.13614,23.109531,-43.203213,46.22969,-16.9322,-8.673691,30.22497,-25.494368,8.423455,12.747505
weld_1016.wav,0.002857878,0.00179862,-562.96735,196.95197,-127.895424,59.163364,22.260508,-38.823997,41.714783,-13.810587,-7.4495635,27.875807,-22.346794,6.779771,12.382585
weld_1017.wav,0.002832083,0.0016692345,-561.825,211.25098,-131.60294,63.121227,24.345972,-42.136883,43.25763,-14.13613,-10.932858,27.460955,-23.64103,4.143986,10.4434
weld_1018.wav,0.002838944,0.0018949052,-543.9893,188.646,-115.98809,55.679485,21.147703,-38.295937,38.154873,-11.896032,-9.010908,25.946573,-19.68511,4.8117604,11.740008
weld_1019.wav,0.0022033413,0.0014395292,-553.6097,169.40373,-106.58166,45.283916,20.185255,-32.797394,33.09423,-10.473938,-8.14007,23.568174,-17.29609,3.7056715,11.568527
weld_102.wav,0.0018853282,0.0011287369,-615.9908,231.93362,-137.01009,51.102657,15.085568,-39.930336,43.055588,-20.874891,-7.0978823,29.843483,-26.622553,8.533002,10.713476
weld_1020.wav,0.0027921225,0.001691886,-558.75415,206.04723,-129.8093,57.53217,21.661749,-39.70998,41.31983,-14.69992,-8.086808,27.82562,-22.391642,6.590619,11.368387
weld_1021.wav,0.0027093517,0.0014789846,-560.76,210.68355,-132.67822,58.843346,24.492216,-42.55116,41.12791,-12.911506,-10.622839,27.576113,-22.517282,3.480843,11.712232
weld_1022.wav,0.0023152044,0.001298364,-576.86804,210.56346,-134.93808,57.06109,21.922405,-41.76188,41.70199,-14.85181,-9.79003,27.456997,-23.442045,5.3145547,11.405482
weld_1023.wav,0.0020402845,0.0011858806,-570.2571,191.66519,-120.44923,52.216164,20.818464,-36.795376,37.52955,-13.861275,-8.326086,25.242277,-21.89073,5.220491,11.213603
weld_1024.wav,0.0025444624,0.001614539,-558.8467,192.79407,-122.43562,53.972557,21.672415,-37.403484,38.17032,-13.922491,-8.694292,25.593481,-21.467602,5.577697,11.401994
weld_1025.wav,0.00253249,0.0013311611,-566.5548,205.1894,-130.12492,57.532925,22.774393,-41.325146,40.643112,-13.6009445,-10.3055315,26.814526,-21.894403,5.0676255,11.689665
weld_1026.wav,0.0023164677,0.0013951277,-563.7927,191.11336,-122.9997,52.83172,20.43939,-39.119156,37.09524,-14.133508,-10.116243,24.490505,-21.432878,4.784405,10.800481
weld_1027.wav,0.002365961,0.0013931917,-581.2004,218.06975,-144.29138,60.01393,22.030312,-43.87716,43.42979,-16.408848,-8.610967,28.432299,-25.14926,8.1536255,12.126399
weld_1028.wav,0.0021221966,0.0012284152,-572.514,199.37827,-130.29106,51.723476,21.924685,-40.46867,38.429302,-12.817391,-10.229158,25.817513,-21.197319,4.251589,11.619935
weld_1029.wav,0.0022833685,0.0012947745,-574.52893,208.41032,-130.86752,56.03702,22.042034,-41.011105,40.602757,-14.405698,-10.029154,27.195278,-22.730743,4.385805,11.18161
weld_103.wav,0.0019091561,0.0012131261,-598.55695,208.74524,-125.360565,42.322186,10.809889,-38.878536,38.430447,-18.91317,-9.909833,26.925348,-22.736563,4.8814826,9.519397
weld_1030.wav,0.0027008264,0.0016416964,-566.25433,209.739,-137.24577,58.824085,21.730911,-41.29563,43.24221,-15.571944,-8.599181,28.55122,-23.818403,7.3253536,12.295607
weld_1031.wav,0.0027731492,0.0016361488,-555.66425,195.2181,-132.29446,57.000587,21.591106,-41.214897,40.454376,-14.420207,-10.374369,26.022224,-22.793932,4.920921,10.665084
weld_1032.wav,0.002705122,0.0016674253,-569.9728,204.22475,-137.91196,59.02176,22.040838,-43.18319,42.217293,-14.685205,-10.424317,27.213194,-23.479813,5.630878,11.237038
weld_1033.wav,0.0023886606,0.0014366815,-567.48956,192.37372,-129.31198,53.356674,20.228365,-39.908466,38.817947,-14.594217,-9.766204,25.612047,-22.01148,5.6466937,11.132679
weld_1034.wav,0.0022326743,0.0013907807,-573.3015,202.51414,-130.1691,52.766155,22.229073,-40.37093,38.05317,-13.520096,-9.510588,25.467363,-21.670113,5.6859903,11.534228
weld_1035.wav,0.0026946906,0.001696263,-561.8659,200.75923,-132.05232,55.127647,21.335629,-40.346886,39.692066,-15.212669,-9.189683,26.573065,-22.96401,6.045726,11.550214
weld_1036.wav,0.0027383943,0.0016463047,-556.7108,197.00409,-130.24193,52.505962,21.780382,-40.759773,38.557446,-12.853746,-10.597976,25.456432,-21.158161,4.1105003,10.784932
weld_1037.wav,0.0025834716,0.0016602586,-564.1024,193.1008,-131.27927,53.743782,20.300142,-39.710384,40.66836,-13.477423,-9.101261,26.431011,-21.852402,5.7285047,11.16863
weld_1038.wav,0.0023816915,0.0013979337,-568.9201,198.32156,-130.06894,54.49785,20.861504,-39.441807,39.52765,-15.221933,-9.021491,26.138103,-23.143936,5.538989,10.701717
weld_1039.wav,0.0023975226,0.0014478469,-574.35315,201.31497,-132.95828,55.04511,22.147577,-41.763355,39.91693,-13.503685,-10.50439,26.598415,-21.68584,5.0768046,12.074226
weld_104.wav,0.0018957244,0.0023158751,-614.0258,122.91615,-69.70792,25.599726,11.903517,-17.27588,27.060497,-4.9377446,-4.3659744,17.817772,-8.490649,4.9444804,9.651543
weld_1040.wav,0.0022361968,0.0010503547,-571.856,208.70123,-133.08582,55.474064,22.648392,-41.718037,39.520206,-14.979854,-10.972151,25.725561,-24.094118,3.6388857,10.509286
weld_1041.wav,0.0024153902,0.0013901056,-572.5855,207.7093,-133.20793,56.868782,20.817572,-41.704937,40.354427,-16.141644,-9.487298,26.540527,-24.217539,6.4782147,11.894306
weld_1042.wav,0.0023322408,0.0013978695,-570.6877,197.51942,-128.63956,55.312473,21.999666,-40.659286,38.757156,-14.145051,-10.5607605,25.06614,-23.0013,4.3033166,11.140529
weld_1043.wav,0.0022250088,0.0014423094,-536.493,160.4689,-98.16615,40.669907,20.37476,-30.980167,27.845877,-9.47515,-8.399871,19.381697,-16.851225,1.9197667,9.117538
weld_1044.wav,0.0019638103,0.0011387916,-596.2933,202.788,-131.85347,59.04093,20.717426,-41.405365,42.5167,-14.927927,-9.058548,28.01591,-23.858295,6.0743527,12.377879
weld_1045.wav,0.002608549,0.0016223488,-576.0912,210.62991,-133.33455,62.24653,22.460669,-39.873875,45.084076,-15.161517,-7.517048,29.630198,-23.780922,8.400372,13.599827
weld_1046.wav,0.0026154842,0.001677925,-592.8805,217.20958,-139.272,65.25429,22.864021,-42.688927,46.898308,-15.69262,-9.238114,29.672253,-25.10784,7.3743486,12.9012
weld_1047.wav,0.0024575142,0.0015740113,-596.39014,215.61407,-146.98238,64.96219,21.226543,-46.46241,47.48065,-16.006727,-10.52185,30.763906,-24.623133,7.5656037,13.822972
weld_1048.wav,0.002146266,0.0013897194,-586.61646,190.13704,-125.100105,52.413876,21.028105,-37.650845,39.065113,-12.549072,-8.317008,25.778334,-21.158226,5.5410986,12.132652
weld_1049.wav,0.0018606635,0.0011844175,-583.36005,186.51973,-116.17871,46.951035,19.754255,-34.75088,35.250587,-12.915828,-7.836099,24.016226,-20.054367,5.2084026,10.936771
weld_105.wav,0.002037009,0.0023183662,-617.7467,137.91241,-78.40611,30.639383,13.08587,-23.702108,28.570223,-3.8181286,-4.497515,19.01126,-11.464053,2.8606935,9.902474
weld_1050.wav,0.0018237375,0.0011538944,-618.5714,215.31485,-141.12285,59.342365,20.24405,-42.905457,44.708782,-16.335173,-8.83742,28.497957,-26.184294,6.7461386,12.388743
weld_1051.wav,0.002169309,0.0014561448,-593.3301,192.20126,-128.71481,54.755714,18.392914,-38.2755,40.90147,-16.362026,-7.629216,27.54141,-24.083027,6.7563024,13.070852
weld_1052.wav,0.0019116654,0.0012229132,-608.85236,204.56732,-135.45625,56.17558,21.406357,-41.962086,41.877586,-13.930619,-9.537544,27.970558,-23.202774,5.215131,13.419115
weld_1053.wav,0.0020514692,0.001476929,-591.98645,193.43707,-119.301186,49.869026,22.355284,-34.710888,38.265427,-11.448574,-7.5808525,26.355764,-19.81778,4.7077565,13.291242
weld_1054.wav,0.002492267,0.0017725431,-584.99506,201.82457,-128.39453,53.78025,21.132133,-37.909122,40.431145,-14.074577,-7.391962,26.826633,-22.915518,6.8561506,12.742144
weld_1055.wav,0.0026906226,0.0018904816,-577.19635,193.6033,-124.36282,54.00085,19.601082,-38.390594,39.781452,-13.718294,-8.202236,26.020138,-22.204758,6.214716,12.4097
weld_1056.wav,0.0027641219,0.0020468784,-575.483,194.14919,-124.321915,53.112328,20.538385,-38.30945,39.18459,-12.797609,-8.353415,25.947157,-20.791985,6.5928726,12.710403
weld_1057.wav,0.002772975,0.001975872,-581.4815,199.87225,-129.04965,57.836674,20.183405,-39.682625,42.604767,-14.094165,-7.842706,28.136227,-22.252115,7.780923,13.316441
weld_1058.wav,0.0020333675,0.0014074878,-594.3264,201.02708,-127.3997,52.644924,20.484169,-38.98558,39.12463,-14.011051,-8.518789,25.994509,-22.076082,6.5294266,12.555467
weld_1059.wav,0.0026568277,0.0017888303,-582.94086,207.15257,-132.55637,56.012848,20.13135,-39.62371,42.17632,-15.755524,-8.266569,27.369356,-24.183702,7.394404,12.789056
weld_106.wav,0.0023174249,0.0026274903,-625.0028,162.15324,-91.20017,40.3327,15.255225,-28.887722,31.901045,-8.707894,-6.0063367,22.168108,-14.368574,4.7939434,9.968728
weld_1060.wav,0.002832614,0.0018814054,-562.49384,202.59494,-124.1718,54.58656,22.71792,-37.781357,40.272007,-12.056488,-8.462863,26.44023,-20.47854,6.546627,12.648209
weld_1061.wav,0.002504743,0.0016387101,-562.6728,194.61385,-123.689255,55.286068,22.044645,-38.365807,39.95385,-12.349166,-9.066093,26.388344,-20.490059,5.6589994,11.718034
weld_1062.wav,0.002522917,0.0014993091,-571.05853,201.18945,-132.49852,61.539112,19.091259,-41.097275,44.25299,-16.768063,-8.522017,28.799551,-24.503872,7.431047,11.963167
weld_1063.wav,0.0025446005,0.0015332688,-573.52997,206.87798,-131.27954,58.562622,21.038141,-40.39884,43.193634,-14.080895,-8.215893,28.435051,-22.167664,7.756907,12.918665
weld_1064.wav,0.0030430406,0.00165009,-546.13184,202.65942,-129.21515,57.388954,20.466658,-38.955494,42.260616,-15.360246,-8.023072,28.561062,-22.130821,7.587121,12.460872
weld_1065.wav,0.00258208,0.0015702546,-574.2462,211.73088,-136.11006,60.166523,21.080523,-42.365578,44.812843,-15.007154,-9.874034,29.55404,-23.224947,5.8359756,12.831499
weld_1066.wav,0.002275133,0.0014716713,-570.3293,197.33199,-124.2664,52.1439,20.583508,-38.58865,38.929054,-13.109953,-8.848637,26.833244,-20.923075,4.940605,12.393769
weld_1067.wav,0.0024912676,0.0016102531,-575.74664,210.91026,-127.61262,57.683765,24.255293,-40.94448,40.30091,-13.237795,-11.049778,26.283775,-22.878897,3.364644,11.79077
weld_1068.wav,0.0023866482,0.0014174257,-566.1108,201.76375,-126.70313,55.24269,22.134064,-40.763287,39.549717,-12.389197,-9.725386,26.570112,-21.319862,4.5223947,11.878299
weld_1069.wav,0.0024276297,0.0012107595,-553.7689,193.92523,-107.29777,53.168243,24.04673,-32.210686,38.20283,-9.4779215,-6.6694593,25.179676,-18.903519,4.824249,11.602695
weld_107.wav,0.0023768218,0.002829738,-608.28125,126.33011,-72.214066,32.947155,14.213252,-21.996702,26.024847,-4.763683,-2.699588,19.689247,-10.37295,3.9383538,8.856889
weld_1070.wav,0.0020533702,0.0012213815,-592.5653,220.01614,-142.37419,59.3013,22.226973,-43.35438,42.959774,-15.795433,-7.372879,28.73421,-25.487688,8.515384,12.845976
weld_1071.wav,0.00231711,0.0014934422,-573.65515,192.29608,-125.68781,54.73551,20.214716,-39.500607,39.962788,-13.372463,-9.0925665,27.204298,-21.102098,5.0029764,12.259053
weld_1072.wav,0.0019485635,0.0012580439,-563.3749,175.78343,-110.34373,44.75942,20.868608,-34.53233,32.778107,-9.455046,-7.8911376,23.626245,-16.558136,4.5078893,11.827505
weld_1073.wav,0.0016482725,0.0017754614,-617.8588,193.79984,-95.42754,49.93374,20.8673,-33.945183,35.39726,-5.835885,-7.2669854,20.578568,-19.511845,1.9944758,7.976909
weld_1074.wav,0.0020583738,0.0016521469,-577.17834,194.83064,-99.12026,40.469036,24.596031,-29.030405,30.29429,-6.548889,-6.3770742,19.658564,-15.026722,4.4553304,8.115115
weld_1075.wav,0.0019238445,0.0015732502,-586.1388,194.81978,-102.72509,40.721127,23.48964,-30.203386,31.625002,-7.1295633,-6.416549,20.993364,-16.055506,4.318772,8.981989
weld_1076.wav,0.0021138883,0.0016354617,-571.22107,190.13707,-102.38314,40.92269,27.13313,-29.68579,29.818216,-5.5597687,-7.1250725,20.371058,-13.929929,3.9050689,8.995396
weld_1077.wav,0.0019133682,0.0015197685,-584.9085,192.60315,-101.457306,42.79373,23.351969,-30.599144,31.070238,-7.2885246,-5.4550962,20.358183,-16.254696,6.1794066,9.837591
weld_1078.wav,0.0019655158,0.0016313783,-580.6284,184.42429,-98.3066,41.748272,22.847872,-28.918827,31.22711,-7.229445,-5.967923,20.283947,-16.201859,4.6713963,9.373328
weld_1079.wav,0.002120046,0.0019898934,-583.4559,179.22134,-95.02429,42.878128,13.630096,-26.52394,36.7354,-16.121176,-7.566918,25.45312,-20.226063,3.45939,12.514447
weld_108.wav,0.0022429754,0.0025266057,-626.4204,152.34831,-89.75592,38.971863,16.246418,-26.32661,32.33877,-6.367305,-3.99559,22.698784,-12.912984,5.8943715,10.728701
weld_1080.wav,0.0021632668,0.0018505875,-587.7492,189.86787,-95.375336,46.682037,13.229452,-27.761742,38.42956,-17.70997,-7.1294413,26.720816,-22.441463,4.481427,14.210581
weld_1081.wav,0.0020424589,0.0020698127,-539.04126,115.97155,-51.487534,26.15712,10.566404,-12.323073,23.14708,-9.573896,-2.700842,17.801245,-13.635914,0.93745434,10.394294
weld_1082.wav,0.0020680057,0.0019249277,-562.16907,160.9731,-90.33664,33.45197,14.35743,-22.465477,31.171211,-13.8273535,-5.636732,23.85227,-17.04105,3.074119,11.5163555
weld_1083.wav,0.0019291604,0.0016801122,-573.87537,164.87497,-87.860916,37.533504,14.413387,-22.104134,33.009502,-13.958055,-4.4190836,23.872139,-18.78965,4.520419,11.973795
weld_1084.wav,0.0020692626,0.0018886838,-580.622,180.99393,-90.5488,42.68339,13.867735,-25.572327,34.711098,-15.835478,-4.8109574,24.469046,-22.28877,4.0505676,12.147501
weld_1085.wav,0.0019438306,0.0017587903,-592.77386,182.05617,-95.77662,42.030815,13.962602,-25.674446,35.91348,-15.874204,-4.194028,25.517986,-22.298555,5.522944,13.471712
weld_1086.wav,0.0021049965,0.0017391925,-582.37775,188.67339,-94.52682,41.65351,14.262212,-24.36327,35.499836,-17.689854,-4.16186,26.005981,-22.425646,5.3713603,12.520472
weld_1087.wav,0.0021229947,0.0018339237,-573.7889,173.49509,-84.11585,43.13854,13.99264,-23.812075,35.286224,-14.420965,-5.5125785,24.326056,-20.815123,2.6294174,12.051961
weld_1088.wav,0.0022136073,0.0018138421,-572.8951,183.03073,-91.150314,38.806168,15.7211485,-23.27565,33.730206,-14.686542,-3.9948041,24.577412,-20.595068,4.4820395,11.983289
weld_1089.wav,0.0020410882,0.001732046,-581.41235,181.07301,-92.04341,43.06982,13.930042,-25.620066,35.32132,-15.975781,-4.204467,25.635504,-22.477512,4.581457,13.763139
weld_109.wav,0.0019846088,0.0023312042,-646.3059,164.21951,-100.24312,42.01833,15.854123,-29.118153,36.83609,-6.76232,-4.365151,23.948866,-15.786212,6.082482,11.37256
weld_1090.wav,0.0021954107,0.0017906962,-575.4104,186.38083,-89.10197,47.097668,15.175048,-25.116795,36.353474,-16.386454,-4.0744715,25.275724,-23.817078,4.133427,11.957975
weld_1091.wav,0.0017396642,0.0015504351,-555.5636,136.90211,-62.413715,30.247532,10.616953,-14.505705,27.319828,-13.066159,-3.272601,20.312208,-16.000849,2.5006988,9.906226
weld_1092.wav,0.00179194,0.0011258695,-602.17456,206.2855,-107.455345,50.359444,10.58721,-30.039242,45.266876,-20.50956,-7.8647504,29.362751,-25.334059,5.3982496,13.768305
weld_1093.wav,0.0018059503,0.0011894865,-598.0747,205.76091,-111.485405,51.583874,11.0081835,-31.806393,45.39402,-20.264994,-7.931208,29.41196,-25.64134,5.1465945,12.594175
weld_1094.wav,0.0016985082,0.0010938039,-604.8634,209.86037,-108.33416,49.98075,13.088139,-30.119373,43.129623,-19.36508,-5.791502,29.268261,-25.483875,5.866722,13.296524
weld_1095.wav,0.0016964512,0.0011075562,-604.6852,205.71948,-107.95511,49.73155,12.017045,-30.232336,44.028698,-19.497654,-6.9606233,29.909859,-24.751114,5.1494184,13.844513
weld_1096.wav,0.002263863,0.0015221401,-586.8357,200.90054,-122.87889,51.51261,23.559965,-36.708164,39.62803,-8.790968,-7.558377,25.32143,-18.367683,6.2457542,11.012127
weld_1097.wav,0.002095711,0.0013915943,-585.0028,195.62627,-114.47942,50.321503,24.548687,-34.01943,37.665375,-8.112063,-7.627731,24.10965,-17.199081,5.2684,10.141682
weld_1098.wav,0.0020974996,0.0013682988,-583.0842,204.22209,-117.75028,50.830696,24.81524,-34.84084,38.772903,-8.299671,-7.52317,24.6052,-18.35161,4.7334323,9.729963
weld_1099.wav,0.0018725046,0.001199714,-586.78174,194.16031,-109.42344,45.676277,24.57839,-33.03244,33.572968,-8.199884,-8.553457,21.618011,-16.807386,3.8845513,9.626465
weld_11.wav,0.0019661319,0.0014170832,-622.5567,201.53616,-123.920395,49.817123,13.066142,-37.131454,41.77788,-17.89044,-6.572043,29.686867,-23.465868,6.5121946,10.363255
weld_110.wav,0.0022589015,0.0025885573,-625.9822,145.41107,-86.3595,39.088234,16.86458,-25.40227,30.820133,-6.124239,-3.9858341,21.45423,-12.856178,5.1317105,9.664626
weld_1100.wav,0.0019499708,0.0011762597,-591.56287,210.82245,-121.02815,49.81205,24.3216,-37.43504,36.802647,-10.592895,-10.096378,23.164125,-19.418543,4.0192003,9.382291
weld_1101.wav,0.001937572,0.0012005956,-591.7087,207.24449,-119.007286,52.409912,25.487251,-36.63826,37.301342,-9.981345,-8.951329,23.903023,-19.208677,4.1873116,9.14387
weld_1102.wav,0.0019318564,0.0012185815,-579.1687,194.66592,-108.77538,45.787495,23.69525,-34.48112,32.4013,-8.884954,-9.1442995,21.009884,-17.121626,3.7282825,9.115402
weld_1103.wav,0.0019649605,0.0012778497,-586.4222,197.56862,-116.20343,48.591927,25.170444,-34.699203,35.832523,-8.826141,-8.622321,23.265146,-17.730871,4.034456,9.888956
weld_1104.wav,0.0020814552,0.0013608084,-594.0283,206.76924,-119.52647,55.01352,26.880508,-35.88404,38.813156,-9.48187,-8.081653,25.05429,-18.800398,5.233151,10.278473
weld_1105.wav,0.0020291004,0.0013101186,-588.7448,201.24927,-116.492195,50.350487,26.311926,-35.813995,36.01002,-7.6444187,-8.15963,23.825499,-17.094044,4.170013,9.98707
weld_1106.wav,0.0019607777,0.0011709488,-597.5442,212.85925,-123.82788,52.185955,26.047247,-37.133472,38.3635,-9.910239,-8.598769,25.129002,-18.677597,5.0459914,9.943355
weld_1107.wav,0.002383056,0.0015252662,-570.5699,203.18748,-125.21504,51.08295,25.579355,-36.1111,39.026432,-9.651084,-8.54502,25.031824,-19.201138,4.829676,10.785071
weld_1108.wav,0.002190683,0.0014275125,-587.0952,201.1143,-123.57696,54.562263,25.925615,-36.927647,39.80974,-9.333414,-8.297785,26.375105,-18.47633,4.792468,10.713084
weld_1109.wav,0.0020353314,0.0013280823,-588.6791,202.29015,-120.106865,50.05799,25.934658,-35.635883,37.02556,-9.089636,-8.777497,24.463291,-17.268078,5.1121626,10.567676
weld_111.wav,0.0025155332,0.0027329864,-607.8854,138.74495,-81.69223,41.131954,19.174654,-21.694363,32.615322,-4.4933004,-3.3188488,21.735884,-11.006775,6.61629,10.754487
weld_1110.wav,0.002273429,0.0015074089,-577.82184,199.30592,-112.834305,51.231064,24.567926,-33.097763,38.548847,-8.850957,-8.166356,23.42923,-18.496805,4.8195624,9.820334
weld_1111.wav,0.002084401,0.0013182724,-579.63513,202.7112,-112.56169,45.42801,23.297857,-32.603542,34.680523,-9.433596,-6.0596004,22.98244,-17.160107,6.6786284,9.048951
weld_1112.wav,0.0019192367,0.0013610696,-592.18243,198.93265,-107.056,46.832935,25.232134,-31.158903,34.38021,-7.784097,-6.068202,22.697647,-16.073284,5.801009,9.238398
weld_1113.wav,0.0016095006,0.001152091,-613.21515,201.76218,-113.261116,48.817165,24.31115,-32.464203,35.99873,-9.492236,-5.4284496,23.61865,-17.737823,7.2093244,9.273267
weld_1114.wav,0.0016812609,0.001212632,-602.1619,197.94966,-103.91992,42.12808,24.391457,-28.806662,32.132736,-7.621697,-4.3327007,21.617945,-15.434458,7.1972837,9.189089
weld_1115.wav,0.0019337528,0.0010746774,-582.13654,206.08055,-104.554276,47.39176,24.948263,-31.518238,34.10836,-7.91546,-6.065117,21.763792,-17.542215,4.5644226,7.568429
weld_1116.wav,0.0024270907,0.0016860645,-569.6668,194.41489,-114.88455,43.921,23.18241,-35.62454,33.172558,-7.895462,-7.573211,24.23252,-15.229682,3.662722,9.1870165
weld_1117.wav,0.0022420755,0.0016845672,-574.29865,177.98007,-102.78698,43.15895,23.857094,-30.954054,30.289902,-7.5189104,-6.086597,22.582138,-14.164878,4.581536,10.574554
weld_1118.wav,0.002066235,0.0015541594,-601.2623,201.44087,-111.18236,49.496487,25.070679,-34.417072,35.933067,-7.7761664,-7.618883,24.57424,-15.826051,4.695256,10.835939
weld_1119.wav,0.002259626,0.0016357224,-585.62244,195.46838,-108.4004,47.956947,24.98385,-32.698837,34.118645,-8.163495,-5.8362784,24.40437,-16.28189,5.2606096,10.408686
weld_112.wav,0.002368276,0.002717926,-626.1437,152.41039,-91.29419,43.042767,18.575489,-26.062366,33.986343,-6.007366,-3.5510879,23.78546,-12.858384,6.534227,11.289715
weld_1120.wav,0.0022837569,0.0014988212,-567.91504,192.91502,-109.96602,44.453674,23.704924,-34.120033,32.90664,-7.094765,-6.1320353,24.39429,-15.870869,3.6083088,10.425298
weld_1121.wav,0.0022578263,0.0017512086,-572.6239,189.60832,-110.58208,46.229618,22.951738,-34.52029,33.949276,-7.9616275,-6.7241216,24.87425,-15.758369,4.3803406,11.045941
weld_1122.wav,0.0024413432,0.0018219657,-544.04694,165.43433,-83.67514,37.858753,22.18838,-26.33377,26.18667,-5.441552,-5.5559273,19.660282,-12.416886,2.4361463,8.94634
weld_1123.wav,0.0023965721,0.0017996402,-560.17316,183.20224,-97.16121,42.878605,23.079369,-31.012955,30.789104,-5.944397,-6.796859,21.758688,-14.000217,2.8479156,9.448303
weld_1124.wav,0.002135119,0.0015284229,-570.27716,179.78575,-98.27598,41.31808,18.222137,-31.646593,30.952034,-8.933521,-5.7367015,22.295788,-16.584984,3.794299,9.753725
weld_1125.wav,0.0022248814,0.0016394464,-580.73425,196.34103,-109.191956,49.000744,23.789024,-33.44173,35.92804,-8.797228,-7.043222,24.51441,-18.084877,4.210201,11.246314
weld_1126.wav,0.0023706316,0.0018326967,-571.1974,191.87195,-104.16198,47.537853,23.822136,-32.733593,32.93971,-9.28772,-7.338586,23.186178,-17.676233,3.494311,10.342829
weld_1127.wav,0.0022578586,0.0017058172,-587.2447,201.7685,-116.35963,52.84625,22.696705,-36.25682,37.328865,-12.060949,-7.4133687,25.99429,-19.939112,5.2342796,10.964911
weld_1128.wav,0.0020487881,0.0013084596,-575.85815,196.19452,-104.82014,45.115555,23.399803,-33.411953,33.061287,-8.108517,-8.381955,22.670858,-17.15333,1.9461718,9.330926
weld_1129.wav,0.0024389315,0.0017684136,-573.62866,200.23088,-105.065865,49.365387,25.107777,-34.322906,34.449764,-8.160923,-9.281262,23.514292,-17.252756,1.2517128,9.688778
weld_113.wav,0.0021428252,0.0025286959,-622.63586,148.33736,-82.887764,39.786186,17.44031,-24.298607,31.583178,-5.3987274,-3.6841888,22.199419,-11.65275,5.7935004,10.775117
weld_1130.wav,0.001686772,0.0012167349,-600.25525,197.47476,-107.25242,44.141937,24.488407,-30.67092,32.369675,-9.234564,-5.4215913,22.569416,-17.658594,5.1021414,9.8343525
weld_1131.wav,0.0014201371,0.0010347209,-633.44006,193.86194,-95.49014,33.6471,21.071236,-23.651829,26.448517,-13.299102,-3.990932,20.875753,-14.422199,7.2026434,6.8023877
weld_1132.wav,0.0017094441,0.0011621708,-640.67053,207.00421,-118.860504,45.081352,22.188301,-33.95148,33.879375,-14.515855,-7.796568,25.09421,-17.838398,5.7444096,9.273533
weld_1133.wav,0.0017962472,0.0012410498,-618.4479,184.53964,-100.73274,37.90164,24.32741,-27.610138,27.830315,-9.711061,-6.3788548,22.429976,-12.765691,3.544633,8.51673
weld_1134.wav,0.0016854054,0.0011653604,-630.0982,188.23938,-106.508995,40.00665,22.213968,-30.183914,29.572773,-12.087505,-7.5121307,22.664341,-14.663107,4.7501163,8.683131
weld_1135.wav,0.0017800474,0.0012432134,-622.45715,200.35063,-114.724625,43.011436,25.75639,-32.391758,31.02875,-10.5805,-6.4001937,24.218292,-15.053421,5.349576,8.988742
weld_1136.wav,0.0017906207,0.0012493808,-630.8688,197.95865,-110.909485,42.826134,22.625425,-31.697184,32.35166,-12.117824,-7.2064867,24.67679,-15.840498,4.8802233,10.077114
weld_1137.wav,0.0017709906,0.0012206348,-633.8716,203.4098,-113.15087,42.70577,24.475666,-31.561401,31.428349,-11.751578,-6.300526,23.76094,-15.9372015,6.06077,9.169624
weld_1138.wav,0.0018655149,0.0013769398,-625.22327,195.72093,-103.96217,43.268124,23.329512,-29.19478,32.02562,-10.74986,-5.3641253,24.173954,-15.8348,5.2186317,10.347796
weld_1139.wav,0.0018413179,0.0012947831,-621.52094,197.13112,-105.33864,41.586506,25.655762,-30.13158,30.188698,-8.511809,-6.153006,23.383331,-13.207935,4.0630693,8.631469
weld_114.wav,0.0022153226,0.0024320271,-633.39575,157.54007,-95.678764,44.821293,19.099466,-27.107365,35.192833,-6.917456,-4.1717086,23.96586,-13.912327,6.6328287,10.763673
weld_1140.wav,0.0017865432,0.0013003908,-622.0661,193.1391,-103.72848,42.39441,24.707405,-29.801254,30.901466,-9.253746,-6.2663884,24.267866,-13.695879,3.8077924,9.443701
weld_1141.wav,0.0016238387,0.0011102075,-620.99005,182.26494,-94.722565,36.191463,24.437824,-26.92723,26.51085,-8.024377,-6.048274,22.669495,-12.489266,1.3812796,10.377558
weld_1142.wav,0.0017415803,0.0012651755,-624.0455,193.11952,-105.00127,40.93144,23.58084,-30.156849,29.415483,-10.702943,-5.117049,24.010376,-16.031137,4.25176,10.274956
weld_1143.wav,0.0015872595,0.0011566165,-627.33405,187.66591,-94.93217,38.43393,24.770826,-26.645546,28.168192,-7.725612,-4.9859776,22.67069,-13.14597,2.828488,9.544227
weld_1144.wav,0.0017350608,0.001212454,-624.8114,193.21713,-107.21234,43.54858,22.052235,-30.827808,31.757038,-12.66239,-5.043002,25.701948,-18.509455,4.400406,11.753412
weld_1145.wav,0.0017666369,0.0012684279,-613.38153,177.17213,-89.96958,39.52126,21.311821,-24.40222,29.0826,-11.287925,-3.7917902,24.078362,-15.964271,3.9807796,11.219499
weld_1146.wav,0.0016199873,0.0010869295,-632.11285,199.45305,-111.586525,43.131187,25.890306,-32.169945,30.814072,-10.453611,-6.5745306,24.3838,-17.097425,3.6120944,11.327646
weld_1147.wav,0.001624452,0.0011095409,-634.88086,196.77505,-107.838234,40.90124,21.616205,-32.048393,31.220186,-11.243869,-5.802231,25.455572,-17.491152,3.3297284,11.644576
weld_1148.wav,0.0014401083,0.0009978467,-641.0227,191.14363,-104.56027,39.35244,19.649548,-31.077358,30.481638,-12.173831,-6.151975,24.805367,-17.142412,2.954581,10.760678
weld_1149.wav,0.001574438,0.0010852193,-636.2402,200.12665,-114.01519,43.514797,21.966404,-34.12609,32.642548,-11.033728,-5.921944,25.039154,-17.31531,4.8591332,9.852294
weld_115.wav,0.002270942,0.0024917289,-637.2027,160.86206,-99.1491,47.273426,18.953115,-28.834703,36.81335,-7.6888638,-4.9281116,25.563744,-13.8487015,6.438027,10.899398
weld_1150.wav,0.0013721206,0.00090505264,-648.0267,200.97295,-113.53598,42.43414,22.26927,-34.540806,31.556492,-11.477889,-6.8192396,25.085497,-17.847546,3.2865622,10.005913
weld_1151.wav,0.0027659156,0.0013089955,-567.4827,226.92236,-146.48555,62.253517,17.676928,-53.893436,43.083057,-14.254896,-9.122414,30.129374,-27.16955,4.3106523,10.843352
weld_1152.wav,0.0023149913,0.0010094586,-580.17676,220.37651,-145.61815,64.98513,18.199244,-50.570187,46.715057,-13.646222,-7.4274936,31.16776,-27.576744,5.4839354,11.340689
weld_1153.wav,0.0023126157,0.0010508217,-577.4138,209.92729,-136.2564,62.804176,18.444834,-48.799965,43.195217,-12.437894,-7.796356,28.539288,-26.280874,4.4505477,10.657701
weld_1154.wav,0.0022188728,0.0010488491,-594.6153,220.49843,-142.684,66.14265,18.473696,-50.57323,46.881588,-12.880441,-7.6178455,31.083221,-26.626917,5.878419,11.725182
weld_1155.wav,0.002013143,0.0008948512,-595.9009,223.14857,-144.3928,67.03866,19.04479,-50.87911,46.685833,-14.13919,-8.218069,30.755907,-27.638279,5.331593,10.735577
weld_1156.wav,0.0022225091,0.0011200217,-591.8261,215.82193,-135.51393,63.52976,18.989046,-47.18504,46.01533,-10.383368,-6.7147694,27.902355,-27.734371,3.612264,11.166845
weld_1157.wav,0.0022708513,0.0017551918,-574.8296,185.62794,-110.55517,54.44429,20.430607,-38.27851,36.03192,-10.160652,-7.3389273,24.18061,-20.762018,3.5027578,9.488452
weld_1158.wav,0.002335397,0.0013381492,-579.62494,211.77003,-128.53748,63.0513,20.472534,-45.120052,43.14878,-11.826798,-8.133946,27.914942,-24.255426,4.2789173,9.737705
weld_1159.wav,0.0022044803,0.0014078656,-591.13275,209.22804,-129.44757,63.117607,20.067665,-44.30075,43.930527,-12.43115,-7.619083,28.604536,-24.417065,5.0696516,10.134423
weld_116.wav,0.0022005625,0.0024085613,-645.2786,146.93253,-92.34881,39.880573,16.185211,-26.848846,31.88678,-7.9280243,-4.7913136,22.69356,-12.980441,6.138917,10.774273
weld_1160.wav,0.002246516,0.0014054381,-587.6717,203.51772,-125.236,61.26641,19.632788,-43.24844,42.136684,-11.697608,-6.730723,27.366728,-24.658138,4.9616313,10.15668
weld_1161.wav,0.0025558702,0.0016956249,-588.1141,208.1298,-131.25642,63.267628,18.870848,-45.478764,45.06128,-11.689831,-7.3313622,29.261526,-24.3538,5.543461,11.230651
weld_1162.wav,0.0022231706,0.001667347,-602.60846,207.67998,-133.99962,63.86294,19.461823,-45.90618,45.018948,-12.194302,-7.48171,29.504337,-24.217026,6.0458164,11.722458
weld_1163.wav,0.0020195923,0.0013903019,-602.2273,213.16728,-131.11688,62.5426,22.14334,-42.61993,44.605377,-11.779772,-7.515366,28.654636,-23.50984,4.501724,8.469971
weld_1164.wav,0.0022140427,0.0013512234,-598.4659,211.44229,-132.63072,64.04649,19.205091,-45.02396,46.486748,-11.672888,-7.186678,29.539047,-24.848192,5.119138,9.812427
weld_1165.wav,0.0024923736,0.0013138192,-589.94104,226.80574,-139.09897,68.09578,19.1949,-48.835766,48.406433,-12.896347,-7.4095907,30.90065,-27.233923,5.079467,10.165589
weld_1166.wav,0.0021944991,0.0015645534,-595.4395,209.93951,-127.35827,61.646084,19.402498,-44.014023,43.09936,-12.526612,-7.897691,27.661556,-24.795092,4.333046,9.395954
weld_1167.wav,0.002554413,0.0015976203,-578.6094,211.6258,-132.02013,63.07526,19.707418,-44.816612,45.446747,-11.462383,-7.6008544,28.241299,-24.955063,5.3077,10.572444
weld_1168.wav,0.0023049195,0.0011348985,-585.9154,217.42262,-137.63402,65.892746,19.083538,-47.81271,46.696877,-13.122345,-8.300607,29.575092,-26.410593,5.418248,10.853692
weld_1169.wav,0.0024173318,0.0015233406,-581.42163,208.73459,-131.00694,61.252575,20.036766,-43.785698,44.542004,-11.618286,-7.8841057,28.334578,-24.189533,4.996687,10.565374
weld_117.wav,0.0018390509,0.0020948036,-643.2368,171.31079,-96.54912,41.754868,16.422554,-27.46717,37.27888,-7.2989893,-5.273112,24.046612,-14.002197,7.993332,11.930084
weld_1170.wav,0.0021366738,0.0014381575,-598.72833,210.88847,-129.4182,62.17958,19.8929,-44.97719,43.723637,-11.2948885,-7.79024,27.766752,-24.660305,4.0147514,9.409124
weld_1171.wav,0.002720743,0.0034293467,-541.89886,71.451294,-46.14035,27.295202,10.260248,-13.847291,18.002197,-5.0900383,-1.5696169,15.100681,-6.1120534,4.355917,6.7526393
weld_1172.wav,0.0022041951,0.0021729625,-626.64954,160.79823,-91.711426,40.55443,14.922219,-28.194782,29.621243,-12.817865,-5.267912,23.39494,-14.226729,6.9448786,9.602737
weld_1173.wav,0.004126986,0.012448133,-469.61694,35.58305,-26.724047,17.2701,6.4351034,-8.3121605,11.184138,-1.584361,0.09768642,10.120527,-3.2644234,2.6048017,5.7576437
weld_1174.wav,0.002960171,0.0034135776,-546.0206,81.88789,-46.696438,30.741365,12.080856,-13.959925,19.866106,-4.876784,-1.0042702,16.494535,-6.0011363,5.785481,8.007786
weld_1175.wav,0.0026838472,0.002680431,-603.22217,139.6992,-74.942,37.8168,14.721955,-22.807344,26.491425,-9.691929,-3.1637259,20.919357,-11.398603,7.1659684,8.876455
weld_1176.wav,0.002830212,0.002794185,-608.3142,148.8463,-83.53268,41.57341,15.22984,-25.154566,29.809202,-10.712592,-3.5842009,22.925037,-12.921553,7.5177364,9.719932
weld_1177.wav,0.0035689978,0.0036268549,-596.4492,147.94653,-77.81362,39.90896,15.014487,-23.770634,28.08772,-10.449169,-3.153716,22.151335,-12.151641,7.7426286,9.6350565
weld_1178.wav,0.0026813382,0.0027299256,-611.71484,151.59474,-84.06129,40.84837,15.3481045,-25.260815,29.167,-10.9845,-3.4502728,22.714012,-13.079313,7.3836064,9.165452
weld_1179.wav,0.0024675212,0.002429033,-609.2241,143.49287,-78.79062,38.674828,15.008579,-23.696358,27.27761,-9.923841,-2.4284964,21.951143,-12.318701,7.3214736,9.437691
weld_118.wav,0.0021805444,0.0022278915,-634.28894,171.21786,-103.76682,47.69664,18.85679,-31.321484,36.070415,-8.868948,-4.999605,24.651545,-15.676185,8.116324,11.526268
weld_1180.wav,0.003042139,0.002980014,-603.94525,151.32774,-80.99574,43.94344,16.30078,-24.349535,30.552732,-10.048662,-2.1510284,23.760723,-12.829402,8.446019,10.537425
weld_1181.wav,0.003028971,0.003004883,-599.05475,138.33072,-74.80059,40.89233,15.223065,-22.060942,28.246214,-9.777462,-1.7124591,22.506124,-11.928344,8.044718,9.930775
weld_1182.wav,0.0029157458,0.0029227883,-600.1774,138.57852,-78.52373,39.297176,14.328271,-23.402987,27.813435,-10.339618,-2.555962,22.160404,-12.313203,7.3618765,9.555555
weld_1183.wav,0.003255423,0.0031223393,-598.88605,149.93816,-83.53293,43.221073,15.800736,-25.960657,29.455336,-10.672386,-3.0966227,23.085672,-13.246299,7.9089885,10.110226
weld_1184.wav,0.0029045453,0.0029000177,-606.6554,144.96902,-81.371956,40.25943,14.655217,-24.640814,28.670994,-10.52783,-3.206948,22.149374,-12.859743,7.8543425,9.915919
weld_1185.wav,0.002910827,0.0029566654,-608.11566,149.97256,-79.427376,38.595608,13.684582,-25.005154,27.722633,-11.218659,-4.1866107,21.818552,-12.258618,7.3532147,9.194416
weld_1186.wav,0.002803324,0.0029836444,-586.91504,117.24777,-66.812195,36.17021,12.857965,-19.810364,25.411911,-8.820973,-2.4294128,19.820854,-10.452553,6.9663806,8.801658
weld_1187.wav,0.002726347,0.0026231336,-607.7261,150.96167,-85.71963,42.481434,15.296853,-25.75762,30.03578,-11.196475,-2.9702647,23.348,-13.64628,7.9545608,9.768351
weld_1188.wav,0.0028645822,0.0027901162,-600.3542,142.11563,-79.17147,40.324795,15.188592,-23.57965,28.413195,-9.840341,-2.4541366,22.308825,-12.222839,7.406936,9.112765
weld_1189.wav,0.002788687,0.0027009042,-606.08057,149.14587,-83.818054,41.550774,15.196619,-25.245203,29.123909,-11.372668,-3.384482,22.770493,-13.038668,7.9331255,9.254515
weld_119.wav,0.0017871375,0.001982397,-637.07336,158.03589,-93.85209,39.696613,17.404325,-24.957672,36.000904,-4.798891,-3.473181,22.051466,-14.432791,6.9033403,11.170065
weld_1190.wav,0.0029873839,0.002887128,-609.88965,154.64618,-88.42632,44.80993,16.491344,-26.287964,31.804361,-10.645907,-2.9434257,23.841461,-14.208144,8.320021,10.3598795
weld_1191.wav,0.0024068742,0.0014487819,-586.68933,209.07256,-135.30666,64.558395,19.509644,-46.44561,45.12075,-12.933036,-8.034873,29.406307,-24.88633,5.375341,10.326075
weld_1192.wav,0.0027351636,0.0017979774,-582.1253,203.11229,-135.1217,63.121357,18.15276,-46.783226,44.79987,-12.563915,-8.000647,29.943392,-23.495445,5.8392487,10.982608
weld_1193.wav,0.002229198,0.0011248492,-576.0919,196.00946,-122.38666,60.41652,17.21102,-44.137146,41.017857,-12.495141,-7.4213653,28.369202,-22.807085,4.0488057,9.307451
weld_1194.wav,0.0023614732,0.0012366222,-585.1858,221.2805,-136.72456,66.81146,19.683348,-48.37002,45.998825,-13.91943,-8.94298,30.042871,-25.796646,5.1931024,10.665633
weld_1195.wav,0.0028318167,0.0017096432,-574.6897,208.04002,-136.35963,63.54271,18.807621,-48.10972,44.217743,-12.332691,-7.8366084,30.308468,-23.718517,5.2714763,10.955039
weld_1196.wav,0.0020453974,0.0008776954,-597.1333,226.94185,-136.13614,67.77673,18.856401,-49.257866,45.225685,-16.225828,-10.170431,28.77111,-27.768383,4.2142673,9.188437
weld_1197.wav,0.0021906889,0.0010342158,-591.3578,217.45975,-131.56711,65.08238,18.95227,-47.620907,44.51952,-13.173855,-8.907985,29.189415,-24.978098,4.246803,9.7256155
weld_1198.wav,0.0027211567,0.0017816751,-585.03015,195.80615,-129.94527,62.88691,18.019358,-44.40538,44.713226,-11.9811325,-6.9282074,30.928516,-21.122944,6.523972,11.051392
weld_1199.wav,0.0021291226,0.0014752756,-614.88837,190.38112,-134.18355,58.179695,15.798163,-46.220608,42.844933,-11.923741,-7.2242546,30.467903,-20.674484,6.680082,11.640586
weld_12.wav,0.0017823228,0.0012698809,-635.6037,208.86212,-128.6403,50.19633,14.850339,-38.41784,41.84902,-16.819498,-6.432006,28.885052,-23.961672,6.7172475,9.965598
weld_120.wav,0.0021282677,0.0029250302,-560.3141,68.6766,-38.20013,25.63352,11.791819,-10.039984,19.53619,0.62477386,0.6513254,13.398284,-5.3173523,4.2155504,7.509525
weld_1200.wav,0.0023336024,0.0015414153,-611.68634,196.558,-135.49599,60.619755,16.333447,-46.73981,44.804413,-11.064826,-6.4572043,30.818361,-21.588102,6.999941,11.530102
weld_1201.wav,0.002426147,0.0016110793,-611.63104,194.97012,-137.37007,60.42851,15.963672,-48.024006,44.301834,-11.025447,-6.609136,30.506907,-22.408407,6.0991435,10.886794
weld_1202.wav,0.0024757152,0.0015253789,-606.3744,197.57666,-137.92316,61.243034,16.012274,-48.001015,44.636395,-12.189326,-6.7604055,31.490223,-22.264193,6.4934335,10.922158
weld_1203.wav,0.0023485532,0.001600383,-610.10455,188.75327,-132.2359,57.840847,15.881399,-45.419724,42.722267,-10.837251,-6.4032526,29.544603,-20.895613,6.400806,10.10992
weld_1204.wav,0.002485062,0.0018182853,-606.9732,184.87169,-128.63402,58.141815,15.388939,-44.79873,43.091778,-9.741718,-6.0037136,29.195938,-21.05912,5.987634,10.630868
weld_1205.wav,0.0026025171,0.0016345856,-605.0055,196.29813,-136.09084,60.58905,16.17148,-48.084717,44.150673,-10.444457,-5.8633165,31.45782,-21.745234,5.985221,11.183692
weld_1206.wav,0.0029488069,0.0026444423,-581.46466,164.56439,-94.909,40.834393,15.802762,-28.801497,30.883827,-10.993065,-4.852046,23.176428,-14.296367,6.7089076,9.613916
weld_1207.wav,0.0027892704,0.002455006,-590.3195,151.4404,-85.1723,42.052944,15.899817,-26.836435,29.504694,-9.834027,-4.6465855,22.13914,-12.43575,6.771131,9.510477
weld_1208.wav,0.002963726,0.0025778601,-572.8292,149.37343,-78.92501,41.503296,16.996893,-23.013573,30.26561,-8.312517,-3.0648637,22.522238,-11.253448,7.458452,9.976396
weld_1209.wav,0.0030157361,0.0024898325,-573.35815,170.76695,-102.21734,44.92029,13.730044,-33.899517,34.162888,-11.239415,-5.4429026,25.548967,-15.676094,6.8299046,10.780535
weld_121.wav,0.002023364,0.0021501551,-638.771,162.39742,-96.748085,46.974056,19.81449,-28.324327,35.6005,-7.3731923,-4.6980944,24.48917,-14.230372,6.243811,10.46955
weld_1210.wav,0.0027670886,0.0025244488,-553.2524,147.07544,-83.02607,42.741825,20.094189,-26.0717,28.20106,-7.372778,-4.662502,22.630817,-11.507769,4.2566714,10.262091
weld_1211.wav,0.0026131105,0.0020859083,-562.92523,169.48386,-109.559525,53.46769,17.715038,-34.430786,38.11473,-11.848931,-5.8715634,26.630438,-18.133556,6.6341863,10.475482
weld_1212.wav,0.0033171587,0.0024146724,-519.69385,149.3483,-109.55371,52.628716,18.149927,-33.97664,36.61125,-10.8454485,-6.4409046,25.583515,-16.97225,6.101759,10.533851
weld_1213.wav,0.0031098286,0.002100928,-528.853,154.86023,-116.48847,58.14151,20.64847,-35.68176,39.36915,-10.967557,-6.294781,27.559624,-17.602093,6.9478264,11.553566
weld_1214.wav,0.00285867,0.002463422,-575.69257,173.70425,-103.451805,52.91554,19.505407,-33.064598,36.43113,-11.167564,-6.3472066,25.803843,-16.812166,6.518191,11.246321
weld_1215.wav,0.0030809047,0.0024856804,-540.4675,167.50826,-102.73264,53.844925,18.948006,-33.95961,35.983303,-11.332588,-7.23291,24.890821,-17.35028,5.753206,10.367336
weld_1216.wav,0.0027904809,0.002332385,-565.54175,173.62422,-103.89417,51.28365,19.631577,-31.96846,36.38303,-10.627559,-5.4531126,24.858128,-18.218283,6.5964336,11.761882
weld_1217.wav,0.003057693,0.0024606546,-554.07587,178.90189,-108.08316,53.766476,19.86785,-33.21139,38.770348,-11.12509,-6.2114754,26.23939,-18.334236,6.724232,11.617665
weld_1218.wav,0.002811978,0.0021383455,-562.09766,192.3135,-104.492355,53.879166,18.772247,-34.938873,37.325844,-12.687429,-7.2441344,25.745338,-19.805775,4.88496,10.96246
weld_1219.wav,0.002723175,0.0021379322,-554.83026,172.6384,-106.36085,54.586533,18.937677,-34.614803,36.97743,-12.44032,-7.6694393,24.861893,-19.310402,5.6285477,11.279834
weld_122.wav,0.0019478324,0.002150199,-640.2238,171.16159,-100.09809,44.272346,17.914988,-29.824097,35.99928,-7.3036423,-4.2908797,24.70679,-16.090406,4.6555185,10.241872
weld_1220.wav,0.0031374032,0.0025193405,-558.468,179.97955,-106.78529,54.666656,18.984291,-33.27088,38.05894,-13.767393,-7.426806,24.743263,-20.909185,6.395633,12.146804
weld_1221.wav,0.0037758977,0.0033141624,-498.5174,119.98797,-63.16142,38.136734,16.32656,-19.86354,24.382994,-7.4021506,-4.3844333,17.036049,-12.644768,4.0321193,9.937513
weld_1222.wav,0.0032642959,0.0025603455,-555.3294,181.6008,-105.19858,55.27436,19.346697,-33.561825,37.479393,-13.4944315,-6.966222,24.902678,-20.928778,6.2175307,11.992297
weld_1223.wav,0.00319052,0.0024366048,-550.8502,187.90541,-106.57155,54.653996,17.23892,-35.82505,37.08612,-14.783726,-7.769776,24.499596,-22.623741,4.9420466,10.527708
weld_1224.wav,0.0035351072,0.0029253685,-505.49405,128.99919,-74.350266,37.703102,15.874628,-22.999456,25.7286,-8.323012,-4.6718345,18.247988,-14.170021,3.9755735,9.74025
weld_1225.wav,0.003221513,0.0027137036,-553.5764,172.99907,-99.112404,51.280907,18.43773,-32.13119,34.78782,-12.247664,-6.845673,23.289188,-19.408424,5.6798387,11.423813
weld_1226.wav,0.0022541198,0.0016016295,-592.4625,199.92726,-120.19914,60.091797,18.380379,-41.4157,42.975056,-11.770368,-7.7540565,28.723705,-22.446707,3.4367182,11.483818
weld_1227.wav,0.0020624595,0.0014061528,-593.60547,198.94264,-121.74478,59.232258,20.086103,-40.77878,42.065235,-11.754889,-8.044677,27.887318,-22.733501,3.4227068,10.84826
weld_1228.wav,0.0021599128,0.0016466558,-601.6638,202.43735,-123.310555,57.82439,18.150026,-41.484867,43.209343,-11.1826105,-6.9544435,29.046753,-22.464226,4.22667,11.1382265
weld_1229.wav,0.002097971,0.0016089642,-587.93756,184.11702,-109.22612,53.250755,17.856668,-37.681026,38.456673,-9.829769,-7.4229655,25.545076,-21.079344,2.0617466,10.064793
weld_123.wav,0.0018542748,0.0021924833,-611.47644,124.484856,-68.24178,31.2713,15.96293,-19.411055,26.352665,-1.8621396,-3.1251771,16.883045,-10.178604,3.3012571,8.490418
weld_1230.wav,0.002252652,0.0016519653,-601.03265,213.06071,-122.61297,63.327217,20.11104,-41.92557,44.595222,-13.281949,-8.747751,28.46175,-25.080437,2.9870973,9.200592
weld_1231.wav,0.002194713,0.0015843995,-602.3803,209.88644,-124.55457,62.75191,19.099113,-43.999454,44.362953,-12.306297,-9.089114,28.712082,-24.401697,2.317569,9.205734
weld_1232.wav,0.0021048395,0.0017559347,-592.05536,183.34679,-106.843056,54.908127,17.791986,-37.930862,38.00635,-10.536577,-7.6078916,25.972742,-19.959291,3.2763784,9.867362
weld_1233.wav,0.0019671915,0.0014636517,-609.0515,203.5239,-117.44652,59.730747,19.29233,-40.800884,41.78093,-12.267829,-8.060355,28.588652,-21.334057,4.547202,10.546662
weld_1234.wav,0.0020440156,0.0015101461,-606.3349,207.94513,-121.58858,62.46395,18.394886,-42.674114,43.98805,-13.473616,-9.156482,28.25789,-24.645157,2.9208727,9.526308
weld_1235.wav,0.0021266737,0.0016211749,-594.9245,202.45627,-126.513,57.00305,17.83858,-41.828796,42.03882,-14.160296,-9.1058,27.424978,-23.800013,4.327725,10.605279
weld_1236.wav,0.0019547527,0.0017396407,-607.5622,190.52534,-109.513176,54.83577,18.328789,-39.17051,38.725143,-9.608169,-7.8714347,26.320478,-19.772278,2.7168505,9.546246
weld_1237.wav,0.0020885053,0.0014790362,-605.7185,209.02159,-132.83691,61.176132,19.245953,-44.506443,45.160267,-12.982888,-8.926304,30.109697,-23.948692,3.9257898,10.917747
weld_1238.wav,0.002408768,0.0018685182,-592.2139,202.79709,-118.719284,62.41317,19.570307,-41.41434,42.87644,-12.556876,-9.103946,27.638288,-21.827703,4.491772,9.619792
weld_1239.wav,0.002473092,0.0019104172,-589.4596,199.91637,-117.72327,61.58513,20.89264,-40.333324,42.20318,-11.456997,-8.368766,27.046797,-22.764915,3.2260418,9.559239
weld_124.wav,0.0022263292,0.001909286,-554.6544,169.82573,-86.12124,34.534184,19.789837,-26.541418,26.727644,-6.207164,-6.2612877,18.24976,-13.772207,3.3110712,8.701213
weld_1240.wav,0.002219459,0.0017418901,-604.70197,198.79259,-119.151306,62.02481,18.621483,-42.26755,42.778893,-11.735916,-8.127021,28.577614,-20.976067,5.4469724,10.736561
weld_1241.wav,0.0023515644,0.0018869282,-581.6755,177.94562,-107.67435,54.734528,18.641691,-37.509537,38.66608,-8.233819,-7.2238092,25.364681,-19.051634,3.0101368,9.623455
weld_1242.wav,0.0024343363,0.0020431958,-600.6747,204.2167,-118.89728,60.776287,19.084225,-41.57904,43.096497,-11.160779,-8.063197,27.83652,-22.3932,3.9551485,9.949154
weld_1243.wav,0.0022110296,0.001969397,-606.5212,202.32137,-115.69663,60.751057,19.446117,-41.050728,42.097584,-10.88995,-8.47679,26.585224,-22.258749,3.3640075,9.039444
weld_1244.wav,0.0024874294,0.0021032267,-565.89484,171.35037,-97.44113,52.154964,19.715393,-32.49298,38.11497,-5.7060347,-6.071414,23.101463,-18.9711,2.417686,9.670707
weld_1245.wav,0.0025251384,0.0020246082,-577.4529,183.66359,-101.240875,54.666267,19.94011,-35.003273,38.48271,-7.8325715,-6.9358315,24.600569,-19.561838,2.156227,8.887963
weld_1246.wav,0.003262763,0.0029547103,-555.70746,180.74892,-104.553024,56.40098,19.698477,-35.090317,36.41484,-13.708716,-8.18892,24.200691,-21.15262,5.391479,11.7044935
weld_1247.wav,0.002776341,0.0025156545,-568.7116,181.54715,-108.79114,57.346363,20.366453,-34.969124,38.499676,-13.712477,-8.696052,25.417772,-20.128962,5.86083,11.409688
weld_1248.wav,0.0028656155,0.0026589842,-566.1977,170.50081,-104.96572,53.001244,18.055393,-33.945583,36.83322,-12.480525,-7.7405505,24.711916,-19.08308,6.0151486,11.959931
weld_1249.wav,0.0028626951,0.0026302878,-568.2154,175.1065,-108.45585,54.197086,20.544512,-33.286926,37.438824,-12.226321,-6.4978666,25.73178,-19.349705,6.7607856,12.671072
weld_125.wav,0.002003469,0.001667338,-593.2195,202.61546,-108.9994,46.926693,21.205168,-36.257675,34.182507,-8.38943,-6.743913,22.952589,-19.05159,4.074193,10.536913
weld_1250.wav,0.0029729537,0.0027543614,-564.24615,174.7873,-105.686714,55.929573,20.488365,-33.580772,37.1905,-13.133328,-7.949285,24.896479,-19.431633,6.450339,11.754231
weld_1251.wav,0.00289527,0.002650317,-564.00903,178.69078,-106.39724,53.369263,19.376553,-33.59022,37.216995,-12.784462,-7.6880302,24.418985,-20.42163,5.4837856,11.254273
weld_1252.wav,0.0031876268,0.002711563,-552.96576,179.52806,-103.59902,53.996655,19.510277,-33.48126,36.234364,-12.831073,-6.8829083,24.729746,-19.615005,6.3263206,11.413423
weld_1253.wav,0.0030455606,0.0027616166,-549.0095,168.07684,-98.353905,52.27817,20.872623,-30.301996,35.574368,-10.163205,-5.2305484,24.680292,-17.775822,6.3364563,12.176824
weld_1254.wav,0.002946745,0.0027838792,-534.4514,141.20659,-74.85966,44.65945,20.306871,-23.339983,28.517204,-7.067894,-4.5263314,19.405758,-14.839141,3.9644046,10.429264
weld_1255.wav,0.0028519556,0.0026475259,-529.1612,131.15837,-73.12165,41.728912,18.471643,-22.668814,27.995832,-5.775423,-3.5330064,19.781979,-13.461481,3.6992824,10.198709
weld_1256.wav,0.0032982822,0.0027445345,-550.1107,184.8385,-104.459656,55.945263,19.77073,-34.74942,37.363422,-12.100895,-6.8373938,24.542458,-21.134981,5.0672703,10.408344
weld_1257.wav,0.0028504108,0.002526836,-557.9871,173.0952,-99.70855,53.29401,21.011875,-31.162899,35.858253,-10.499428,-5.455306,23.895927,-19.292065,5.8628926,10.890022
weld_1258.wav,0.002801732,0.002491725,-533.63104,145.75412,-83.01994,44.752716,18.98088,-25.601337,30.142796,-8.368883,-4.6326222,20.773157,-16.539976,3.777503,10.254273
weld_1259.wav,0.0029640936,0.0029100908,-562.2048,171.355,-100.830894,51.167614,18.987432,-32.167343,36.04617,-10.031518,-5.246907,25.177673,-17.928345,6.273245,12.090314
weld_126.wav,0.0022196409,0.0018244807,-580.86414,196.48335,-106.91722,48.780506,19.468925,-35.968155,36.974354,-7.9898415,-7.999217,22.625929,-18.675241,5.6509857,11.892707
weld_1260.wav,0.0031427739,0.0029167451,-558.12555,173.96506,-102.33861,53.494843,20.012608,-32.322533,36.553104,-10.974032,-5.5691915,24.66457,-19.530226,6.1098475,11.643865
weld_1261.wav,0.0031743548,0.0030085337,-555.36005,170.66753,-101.20139,52.178303,18.602997,-31.922152,36.433186,-11.58048,-5.639098,25.458887,-18.689255,6.296522,12.094022
weld_1262.wav,0.0028040202,0.0025935548,-552.5794,169.56189,-95.34295,49.267353,18.633701,-30.515156,34.559147,-9.980132,-5.277665,23.679905,-18.393303,5.0645447,10.837816
weld_1263.wav,0.00323123,0.0030091295,-550.5648,167.7466,-99.87241,49.748894,18.817698,-31.853617,34.0718,-11.310028,-6.011474,24.169891,-17.894238,6.364788,11.743131
weld_1264.wav,0.0028081378,0.0025485184,-563.4372,173.5862,-102.36478,52.553116,18.597546,-32.94469,35.924892,-12.283658,-6.2993298,24.844694,-19.351536,6.1237793,11.692173
weld_1265.wav,0.003177038,0.002688226,-559.2175,189.30104,-106.56254,56.07023,18.522026,-35.74566,38.419502,-13.020661,-7.109639,25.687517,-20.915356,6.6859064,12.350121
weld_1266.wav,0.0025710578,0.0019027275,-582.65027,194.08307,-113.82187,59.603783,20.37268,-40.643208,39.323833,-10.507943,-8.282634,25.44739,-21.517292,3.1623733,9.426231
weld_1267.wav,0.0023457413,0.0013886832,-594.0269,208.40807,-124.94701,63.094913,18.473152,-45.003185,42.86591,-12.810272,-8.256635,27.985647,-24.222137,4.896767,11.107652
weld_1268.wav,0.0024206047,0.0018744665,-591.7753,202.93625,-108.69765,58.309185,18.557833,-39.90996,39.99928,-11.077372,-9.427416,24.671028,-21.785334,2.7278905,8.723087
weld_1269.wav,0.0027194875,0.0017641594,-572.1951,199.79066,-119.196,59.612335,18.40345,-41.750816,41.851715,-11.491604,-7.420169,27.389397,-23.398626,3.577053,9.75393
weld_127.wav,0.0018966602,0.0017824415,-576.12897,165.80699,-86.13184,40.79189,17.624922,-28.043495,32.641155,-5.24494,-7.159946,19.798035,-14.018611,4.946077,11.094305
weld_1270.wav,0.002041887,0.0017744586,-603.0591,201.10597,-110.249054,59.316456,19.916525,-39.552757,40.217686,-10.571128,-8.440736,24.970306,-22.450607,2.9499373,9.44169
weld_1271.wav,0.0022532279,0.0018692631,-585.3654,182.18016,-104.998245,54.830154,18.846624,-36.48916,38.801582,-8.288501,-7.1032763,24.104391,-20.859415,2.4798148,9.816855
weld_1272.wav,0.0022908056,0.0015701029,-585.7898,189.67393,-111.94371,57.460903,18.804892,-37.759655,41.51884,-9.832834,-6.999805,25.829052,-22.630684,2.9680073,10.047039
weld_1273.wav,0.0023901614,0.0014320594,-588.0693,208.77196,-118.63477,62.243343,19.541615,-42.31719,42.820473,-12.113015,-9.199974,26.07891,-25.081001,3.0594308,10.366331
weld_1274.wav,0.0024886432,0.001501794,-591.2488,212.93237,-126.23072,65.29882,18.81328,-45.03502,45.845722,-12.170942,-9.0092,27.571413,-26.114956,3.7669404,10.725338
weld_1275.wav,0.002272217,0.0013804692,-591.69995,199.64082,-121.53062,62.287346,19.062912,-42.978977,43.033417,-11.938014,-9.714259,25.96098,-24.525251,3.167908,10.634756
weld_1276.wav,0.0023130614,0.0019654615,-600.9078,206.33078,-116.41719,57.362694,20.177046,-38.76709,41.650482,-12.276928,-10.267353,24.557089,-23.644255,2.290374,9.084822
weld_1277.wav,0.0024057426,0.001724887,-595.09845,200.95546,-124.053696,60.794674,18.06583,-42.44242,44.25634,-11.718836,-8.228769,27.402552,-24.475214,3.8637393,10.802762
weld_1278.wav,0.0022728792,0.0018616773,-605.7265,203.90529,-119.445694,59.270218,19.152206,-41.066658,43.144753,-10.423748,-8.836876,25.010345,-24.366735,3.3183572,10.579054
weld_1279.wav,0.0025094645,0.0017806875,-588.40295,201.51163,-121.644264,59.94847,18.795977,-42.035755,45.031395,-8.292945,-8.013304,25.614414,-25.451025,1.5598224,10.583712
weld_128.wav,0.0021397544,0.0018059057,-590.00287,203.97519,-105.17087,47.58983,22.925348,-34.479084,33.070564,-9.059117,-6.7816305,22.595943,-18.238987,5.4276175,11.292798
weld_1280.wav,0.0024583589,0.0017710056,-588.192,206.39125,-118.14489,59.36923,18.147856,-41.7871,42.191563,-11.75829,-8.691402,25.62481,-24.467615,3.5231836,10.297346
weld_1281.wav,0.003327819,0.00205615,-568.1463,210.54575,-129.63571,63.263165,20.165827,-42.79889,44.781425,-14.21456,-8.148206,28.985748,-25.93901,3.829286,10.280128
weld_1282.wav,0.0021803714,0.0012044151,-591.0634,215.41121,-121.60161,57.583897,23.58197,-42.883766,39.098976,-8.114139,-9.195252,23.310326,-21.563465,2.8541884,7.645435
weld_1283.wav,0.0033221752,0.0023134884,-542.9085,185.89052,-105.511505,58.30579,20.352898,-32.83536,40.2739,-12.863289,-5.588801,27.783056,-20.052248,6.575324,11.515351
weld_1284.wav,0.002990578,0.0024768496,-562.02985,179.79018,-112.56891,55.695667,18.164984,-35.59764,38.9652,-13.80613,-6.315792,27.674225,-19.166119,8.0737915,12.539306
weld_1285.wav,0.0028305363,0.002434394,-564.5676,174.54674,-106.66164,55.27084,19.028389,-34.029427,37.504242,-12.981426,-6.4351144,26.388016,-19.133755,6.3027844,11.209982
weld_1286.wav,0.002807161,0.0023712579,-554.0521,160.59055,-99.78293,51.441147,18.560549,-30.269989,35.755222,-11.634264,-4.7498198,25.802677,-17.763994,6.7717614,12.50135
weld_1287.wav,0.003294921,0.0026812,-544.97766,164.22289,-102.432365,53.030285,18.90115,-31.12392,37.121815,-11.6657,-4.952656,26.628456,-17.874264,6.7781672,12.110373
weld_1288.wav,0.0030133284,0.0023039181,-545.11755,177.1758,-103.22069,53.56867,19.651237,-31.755472,37.520164,-11.919855,-5.6286225,25.8244,-18.775282,6.390598,10.8739805
weld_1289.wav,0.0029504602,0.0021907736,-546.859,182.50429,-104.067444,57.32146,21.462303,-32.163486,38.301712,-12.667765,-5.8649216,25.859608,-20.213902,6.3668466,10.950063
weld_129.wav,0.0020874538,0.0017713798,-575.0998,183.95102,-96.66359,43.380184,20.704489,-31.672422,31.879183,-7.047703,-6.907231,20.700998,-17.520811,3.5732665,11.3265295
weld_1290.wav,0.0035594995,0.0028064116,-543.8496,182.35657,-107.98219,56.66557,20.21131,-33.824894,38.72197,-13.115882,-6.592032,26.213097,-20.130589,6.880416,11.870779
weld_1291.wav,0.0026991868,0.0021104366,-558.0933,183.34174,-104.47364,53.981964,18.720995,-33.323177,37.899353,-13.006744,-7.3380065,24.963102,-19.852564,6.281217,11.317799
weld_1292.wav,0.0026942736,0.0022149982,-562.8163,178.61798,-109.136505,54.98679,19.626951,-33.82942,38.522522,-12.794678,-6.925624,25.48745,-20.5546,6.3153753,12.012881
weld_1293.wav,0.0035487097,0.0026541816,-541.07184,191.04094,-103.27831,57.68966,21.002565,-33.69597,38.400883,-12.749179,-7.1829815,24.965979,-21.11826,5.5850873,11.015783
weld_1294.wav,0.0026428269,0.002064882,-566.8205,184.90443,-109.19247,54.65163,20.465511,-33.103664,39.03612,-12.149498,-5.8261867,26.325357,-20.03415,7.3019204,12.570666
weld_1295.wav,0.0037207222,0.0030353228,-530.61487,167.14268,-93.2866,50.84661,18.991405,-29.934753,34.3335,-11.057779,-6.2604656,23.35687,-17.653711,5.6199007,11.14702
weld_1296.wav,0.0028775255,0.0022041947,-552.66205,182.22348,-103.45813,55.20456,19.337694,-32.65617,37.710064,-13.918371,-7.3386784,24.69439,-20.989618,6.080817,11.169778
weld_1297.wav,0.0028894553,0.0021846874,-549.40076,182.15427,-98.71739,55.016495,19.851355,-32.02435,36.802853,-12.302379,-6.4267306,24.056896,-20.720837,5.193824,10.071126
weld_1298.wav,0.0034773566,0.0029342177,-541.24,171.61914,-99.76368,52.126904,19.804998,-30.742119,36.742634,-10.653537,-5.7284985,24.819714,-18.519787,5.716191,11.260541
weld_1299.wav,0.0033728546,0.0028543903,-540.53455,174.0154,-102.80785,49.408283,17.9397,-32.522682,35.99593,-10.546025,-5.427291,25.05263,-18.276993,5.714738,11.086283
weld_13.wav,0.0018989258,0.0014287594,-640.98834,205.8471,-127.73227,50.86736,13.270222,-38.554787,42.47124,-17.52809,-6.3324265,29.361555,-23.9898,7.4427586,10.471201
weld_130.wav,0.002168245,0.0018604015,-593.50226,198.83728,-107.9475,50.191433,20.765297,-35.477818,37.33897,-8.260318,-7.045453,23.50725,-19.691082,4.8327594,12.09026
weld_1300.wav,0.0031704952,0.0023520682,-543.05524,184.3103,-104.63874,53.97421,19.20177,-33.582157,37.66448,-12.347284,-6.7416387,24.977892,-20.497566,5.449766,10.476929
weld_1301.wav,0.0033676967,0.002845237,-537.5977,167.49295,-95.6209,49.622116,19.899405,-30.322601,34.001083,-9.74875,-5.8480167,23.391172,-17.256605,5.0988927,10.515843
weld_1302.wav,0.0033429665,0.002800842,-547.53046,172.92633,-106.83134,52.285522,19.506788,-32.482277,37.186794,-11.519096,-5.2097754,25.97548,-19.19891,6.695722,12.043847
weld_1303.wav,0.0016977078,0.0015785631,-614.72437,203.05266,-101.69471,51.381763,21.625393,-35.204807,36.419506,-8.175419,-9.345614,20.752579,-19.627108,3.0533752,8.349065
weld_1304.wav,0.0017671208,0.0015739452,-611.1181,196.10294,-106.81594,54.572727,24.681572,-35.96559,37.829075,-5.471149,-8.31588,22.028074,-18.269337,3.211034,8.786987
weld_1305.wav,0.0018555033,0.0017372961,-612.3121,198.2466,-108.55841,53.52966,23.878382,-36.751244,37.28625,-6.2526665,-8.346177,22.305431,-18.265339,3.743815,9.2698345
weld_1306.wav,0.0018715624,0.001701841,-616.3651,211.17233,-115.094055,56.270428,24.20379,-39.07748,39.27148,-7.627062,-8.953205,23.106955,-20.155071,3.9912255,9.341553
weld_1307.wav,0.002035491,0.0017128136,-607.89435,214.36195,-111.953545,55.99813,23.963194,-39.3867,38.27263,-7.8617506,-9.73908,22.170588,-20.38604,3.3968961,8.984714
weld_1308.wav,0.0019006649,0.0015759951,-614.7799,209.01514,-113.36135,58.906097,24.391506,-39.69002,40.06657,-7.139523,-9.049372,23.616116,-20.24959,3.7071009,9.802692
weld_1309.wav,0.001742148,0.0017714411,-629.0466,204.5446,-110.81157,56.890583,23.038954,-38.532932,39.81297,-6.91266,-8.936246,22.892006,-19.995548,4.0184474,10.571676
weld_131.wav,0.0022921558,0.0019778835,-585.8222,187.22115,-100.1952,51.214928,21.523352,-32.577076,36.24799,-8.028969,-6.0110846,23.635798,-18.45619,5.0039735,11.989082
weld_1310.wav,0.0016237005,0.0016768746,-618.4546,196.42625,-95.64924,49.24394,22.856064,-33.392853,34.691784,-5.467958,-9.160045,19.654867,-16.8405,2.364008,7.990967
weld_1311.wav,0.0018880568,0.0019243971,-615.5125,204.43312,-99.743355,55.30583,22.082685,-35.74283,37.15866,-8.185276,-8.688569,21.231136,-20.012743,3.119106,7.452829
weld_1312.wav,0.0016345681,0.0017703201,-622.4609,195.20215,-100.34457,55.09508,22.200819,-33.61806,38.911064,-7.62112,-7.876253,22.163355,-20.370512,3.1189604,9.128955
weld_1313.wav,0.0016576495,0.0020404772,-601.1748,152.39278,-79.98544,28.14483,18.693878,-19.223392,21.380938,-10.212071,-1.5592797,17.144115,-15.444992,6.146632,9.8249035
weld_1314.wav,0.0017923525,0.002137655,-606.77264,163.42628,-83.047905,33.94705,17.486399,-21.839722,24.947819,-11.318002,-0.51485246,19.892218,-16.838238,8.635523,12.209705
weld_1315.wav,0.0012846958,0.0016962232,-609.8643,150.27768,-61.75533,30.114897,21.615639,-16.212862,19.93672,-5.3968716,-1.9452878,14.252996,-12.808408,3.9769063,8.806125
weld_1316.wav,0.0013848753,0.0018198413,-607.87,143.61583,-66.65954,26.554836,22.28336,-18.05821,18.764984,-2.7270093,-2.455107,15.941621,-8.434375,3.3383453,9.396771
weld_1317.wav,0.0013964004,0.0016584112,-605.948,161.95647,-71.97412,30.261168,22.87711,-20.11316,21.023806,-5.3956614,-4.543287,14.881067,-13.228542,1.922538,8.549497
weld_1318.wav,0.0016046074,0.0019669107,-607.9787,158.08588,-80.76861,30.794046,23.708046,-21.594952,22.095438,-4.1890655,-2.766857,17.19553,-11.40323,4.089975,8.880885
weld_1319.wav,0.0016499204,0.0018861025,-597.9678,177.94704,-89.3509,30.796318,23.659065,-24.684923,22.839891,-7.498328,-5.5118327,17.537167,-13.93305,3.2107043,8.862744
weld_132.wav,0.002251235,0.0018995929,-567.8699,171.94925,-95.483635,46.27824,21.284925,-31.014317,31.514832,-7.998929,-6.2174497,22.302753,-16.244843,3.6968107,10.258768
weld_1320.wav,0.0019349254,0.0022387803,-587.0709,157.1798,-72.58831,28.560238,21.860222,-19.916159,19.246052,-6.0285177,-3.082665,14.948538,-11.990969,4.0076375,7.9810266
weld_1321.wav,0.0013374904,0.001865886,-628.21423,161.46297,-79.70918,28.942303,21.141645,-22.684334,22.534887,-4.29843,-3.9669423,16.546701,-12.053366,3.008501,9.021986
weld_1322.wav,0.0014342734,0.0017110392,-616.66693,161.32272,-83.71916,30.169579,22.406971,-24.303339,22.045849,-5.0749445,-4.794077,17.925886,-11.243183,3.0579476,10.155626
weld_1323.wav,0.0014737647,0.0018134887,-603.60144,152.58173,-71.02344,30.230852,21.33227,-21.703743,19.574955,-5.3965583,-4.419255,15.679438,-11.260113,2.7449498,8.876552
weld_1324.wav,0.001700605,0.00210841,-598.3285,160.49203,-76.46639,29.80967,21.428356,-22.973587,21.097565,-4.843861,-3.8640208,17.626055,-10.760634,3.0944502,9.919787
weld_1325.wav,0.0019060732,0.002341587,-588.76117,145.22948,-71.754395,26.887508,21.288685,-19.351982,20.411459,-3.0913339,-2.4176235,16.763685,-9.943649,2.2647948,8.804605
weld_1326.wav,0.0016123723,0.0022357013,-616.0794,150.5772,-69.72629,29.303802,22.85732,-19.642883,20.23182,-3.4565043,-3.3347528,16.27018,-10.316376,2.6068711,10.209881
weld_1327.wav,0.0014105046,0.0018168736,-618.0741,157.2565,-82.366875,32.57435,23.486488,-23.422934,22.646694,-4.524042,-3.8027136,17.642256,-12.229475,3.4638414,10.740402
weld_1328.wav,0.0016470029,0.002129909,-604.59955,143.02905,-73.58098,27.790766,22.6783,-19.446054,20.721136,-2.4317462,-2.4240403,17.100212,-9.479919,2.854221,10.100556
weld_1329.wav,0.001748337,0.0023028778,-610.577,155.90872,-77.67054,30.10645,21.414816,-20.660614,23.293362,-3.843623,-1.5765997,17.525229,-12.335129,3.9875734,9.323169
weld_133.wav,0.0019970562,0.0017395762,-586.8803,194.7668,-107.24111,47.61095,21.958807,-35.825096,33.261806,-8.373476,-6.949071,23.062498,-18.218433,4.085803,10.836921
weld_1330.wav,0.001869095,0.0025651269,-609.6061,147.47275,-75.166855,29.416126,23.2293,-19.283508,21.826077,-2.7963755,-2.2890656,16.564363,-10.539231,3.5847945,9.83094
weld_1331.wav,0.0016371034,0.0021660912,-595.24176,129.14963,-66.73545,24.681887,23.335075,-15.49436,17.536772,-2.285392,-1.3676108,15.439173,-8.130331,3.0741603,9.058069
weld_1332.wav,0.002319191,0.0024456144,-589.3115,160.59747,-84.35795,35.935196,25.148422,-22.067566,26.005201,-3.6836047,-2.2075052,20.051855,-11.401372,5.1391726,11.614951
weld_1333.wav,0.0021634095,0.0023930068,-590.4582,151.35997,-77.4391,31.731464,23.505424,-18.979778,22.933472,-4.183597,-1.0125636,17.697977,-11.1829,5.5517035,9.698891
weld_1334.wav,0.0019805627,0.0024125895,-602.39136,157.41022,-82.73057,35.345425,24.852583,-20.88926,25.947906,-3.8846133,-2.762325,18.916525,-10.979354,5.0907927,10.074588
weld_1335.wav,0.0023036276,0.0025031257,-587.5946,162.92535,-86.75886,34.97807,24.556374,-23.49527,25.495708,-4.055104,-3.3895123,19.233736,-11.458407,4.3160114,10.081117
weld_1336.wav,0.001931052,0.0023268808,-602.72174,155.59114,-80.70273,35.825672,24.812996,-22.918655,25.82399,-2.7232394,-4.547352,19.587671,-11.006059,1.9986039,11.136292
weld_1337.wav,0.0021035976,0.0023949444,-588.9875,151.60617,-80.83243,32.393852,23.131666,-21.403896,24.169228,-4.3948174,-3.7636566,18.94771,-10.689608,3.3131511,10.613581
weld_1338.wav,0.0021142531,0.0025672533,-591.6744,150.52414,-72.427,32.26182,23.323503,-20.024391,23.143307,-2.9036834,-3.7518244,17.29535,-10.426783,1.9373055,9.349296
weld_1339.wav,0.0023269593,0.0025456224,-575.86786,156.45917,-70.70074,33.932056,24.546972,-18.652521,24.403313,-2.3552198,-2.4876766,17.823414,-10.829578,2.3473368,9.078412
weld_134.wav,0.0020453508,0.0016881361,-582.1116,185.89806,-93.77057,45.68922,23.334925,-30.29833,30.804317,-8.356651,-7.321763,21.175835,-16.362997,4.1638885,10.899796
weld_1340.wav,0.0017840163,0.0020056677,-604.3357,161.98788,-84.24442,36.19374,23.579813,-24.160934,27.286024,-3.9229927,-4.983415,20.322775,-12.582742,1.3006576,10.45903
weld_1341.wav,0.001980886,0.0023082139,-594.0974,154.4753,-79.11673,32.321877,23.237572,-21.974745,25.332024,-2.2112951,-3.9592257,19.210817,-10.852481,1.7173897,10.766029
weld_1342.wav,0.0021509663,0.0022728334,-584.6276,158.45868,-83.798065,30.985886,22.91129,-22.803667,25.08384,-2.541461,-3.9418554,18.028334,-11.846583,1.6364734,9.283938
weld_1343.wav,0.0017317417,0.0021481074,-601.86206,155.34103,-81.47062,32.048626,22.743557,-22.29007,25.879274,-2.3827949,-4.2146235,18.420786,-11.671515,1.4923449,9.727235
weld_1344.wav,0.0024720621,0.0024633587,-586.8894,165.37746,-88.797745,35.590076,24.663267,-24.193214,27.548132,-3.2650995,-3.9094405,20.5424,-12.516803,2.0407777,10.860666
weld_1345.wav,0.001680891,0.0021072775,-611.1924,153.97499,-79.44428,31.572,22.515554,-21.385166,25.054068,-2.9881682,-3.8026829,18.375006,-11.444006,1.7020895,10.198777
weld_1346.wav,0.0016893821,0.0020238627,-603.92883,159.1659,-83.01513,32.160824,21.393852,-24.639862,25.814732,-3.6169221,-6.118581,18.397636,-12.458697,0.62739414,10.342423
weld_1347.wav,0.0018955253,0.0021602253,-592.826,159.75833,-76.89028,34.16401,24.403904,-20.104435,25.054312,-3.7253416,-3.6055455,17.720188,-11.927418,2.2345603,8.905007
weld_1348.wav,0.0018150505,0.0019574347,-601.3171,163.83908,-87.18431,36.771202,25.019608,-21.906534,28.600714,-3.8829715,-3.6196504,19.718527,-12.380585,3.63994,9.507525
weld_1349.wav,0.0021421239,0.0021922959,-575.8906,159.30217,-78.93485,28.72035,23.793228,-19.34535,21.86407,-4.81149,-2.6709595,16.944616,-11.826937,3.148995,8.755248
weld_135.wav,0.0023459997,0.0018528221,-569.9387,190.5123,-118.47909,53.04738,19.51234,-38.77195,38.979195,-10.154019,-7.9015675,24.609056,-21.17706,5.219385,12.119579
weld_1350.wav,0.0022075057,0.0022085272,-588.5165,174.1745,-87.138054,38.291042,26.083725,-24.461952,27.91496,-3.7090151,-4.330827,20.313122,-13.333946,2.4634755,11.306895
weld_1351.wav,0.0021357848,0.0021789223,-582.0739,165.91145,-83.739555,33.78036,23.09246,-22.784508,25.250237,-5.478832,-3.7740502,19.344995,-12.323483,3.075411,9.295724
weld_1352.wav,0.0018667514,0.0022579927,-606.26215,167.7002,-82.38156,35.22383,23.0886,-24.230139,25.511534,-4.725893,-4.67743,19.010712,-12.462585,2.4339945,9.687055
weld_1353.wav,0.0016038929,0.0020177017,-605.6646,172.57971,-78.54039,38.201828,25.784744,-24.284641,24.881254,-4.481954,-6.1147604,17.612183,-12.977033,1.6093838,9.0222225
weld_1354.wav,0.0017063435,0.0022391852,-582.7007,140.87953,-56.26752,24.124584,21.179838,-17.133345,15.660381,-2.872787,-4.733755,12.277283,-9.182634,0.25192443,7.2831187
weld_1355.wav,0.0014662206,0.0021168813,-652.58716,151.73663,-78.619705,31.205162,21.307041,-21.220482,25.887142,-3.945129,-4.540546,21.429405,-7.015475,5.121107,12.114332
weld_1356.wav,0.0018949971,0.0021439146,-610.1,141.04932,-83.00347,31.208239,20.630688,-22.059624,25.688711,-4.0392747,-3.9263873,21.464642,-7.580731,5.3425674,12.550495
weld_1357.wav,0.001805692,0.0023824512,-624.72455,136.42603,-72.04047,28.294756,20.464642,-18.695372,24.033775,-2.1803505,-3.257807,20.009708,-6.1471996,4.5193586,11.883176
weld_1358.wav,0.0018877353,0.0024179819,-627.4712,146.38417,-80.5314,33.691525,22.317959,-21.081608,27.622976,-2.835815,-4.103809,21.603338,-7.595048,5.213018,12.927313
weld_1359.wav,0.0016629343,0.0021152552,-630.3503,135.77837,-68.02988,30.569134,21.87161,-17.563124,24.244919,-1.4265449,-2.541549,20.28303,-5.5899096,4.8008804,11.907271
weld_136.wav,0.0022129614,0.0018065918,-568.34106,186.11745,-92.80839,41.49445,19.866215,-30.853573,31.493359,-6.366102,-7.1103206,19.820557,-16.950727,2.9501019,10.314532
weld_1360.wav,0.0012753137,0.0017957635,-654.0316,162.63617,-90.56455,34.434803,25.32338,-24.793861,24.976246,-4.660459,-4.193925,21.605347,-9.516063,4.1012278,10.7129545
weld_1361.wav,0.0013727628,0.0020526517,-648.36127,146.85136,-74.14126,28.026615,21.799017,-20.55715,20.3459,-4.6132197,-4.059817,18.257387,-8.040343,3.1094258,9.057442
weld_1362.wav,0.0014448917,0.002160241,-617.7255,117.15623,-60.078175,19.7352,20.72252,-15.525796,14.529928,-1.0959423,-2.465262,15.191627,-4.033555,1.8489363,7.8054395
weld_1363.wav,0.0014488074,0.0017678428,-629.46564,144.95042,-78.90447,27.602383,23.53741,-20.375034,19.941439,-3.5662577,-2.6097434,18.473907,-6.8343916,4.6560445,9.127485
weld_1364.wav,0.0013710128,0.002173017,-641.1224,128.36884,-55.463642,24.20664,19.400097,-14.047715,17.379921,-3.7716134,-1.3781364,16.588533,-6.1968026,3.784436,8.524692
weld_1365.wav,0.001208279,0.0019524175,-643.4638,131.08041,-64.651535,22.218628,19.378769,-18.721294,16.089039,-3.22533,-2.8304377,17.457094,-5.0224547,3.0293305,9.200246
weld_1366.wav,0.0014469009,0.0019037707,-626.6878,140.08229,-79.39635,25.877127,24.228012,-20.7828,18.94984,-2.1215675,-2.2458138,18.749786,-8.322289,1.0221671,9.300975
weld_1367.wav,0.0014624246,0.0021775796,-645.6444,139.40103,-69.394455,27.434277,21.16626,-19.837627,20.12924,-3.6105185,-4.554503,18.44701,-6.4283476,2.593239,9.643335
weld_1368.wav,0.0012313132,0.001842351,-642.9976,153.46408,-85.68446,31.585382,24.78662,-25.998915,20.371296,-3.3211222,-4.24596,18.609816,-9.921262,2.8752806,10.04887
weld_1369.wav,0.0014376339,0.0020890776,-626.1313,148.44608,-88.80112,34.460308,20.159986,-27.684534,24.801905,-4.6962333,-3.4961562,22.014473,-10.770725,3.7182326,10.4992895
weld_137.wav,0.0023117873,0.0018807555,-563.03064,183.03702,-89.08959,44.293697,17.89455,-30.584883,32.83986,-8.4280405,-8.54942,19.131714,-18.143068,3.4909372,10.233702
weld_1370.wav,0.0013375771,0.001945397,-626.5832,147.1428,-89.64791,34.35686,21.453613,-28.587492,23.570446,-3.3674772,-3.209442,21.64793,-10.479331,2.6538665,10.155603
weld_1371.wav,0.0014928919,0.0024141814,-628.58545,129.16531,-69.78631,29.424248,19.369606,-23.142872,18.990059,-2.9565718,-3.359919,18.483461,-7.964389,2.4104807,9.878019
weld_138.wav,0.0024370814,0.0022752716,-554.85254,159.87584,-81.72851,43.28159,18.426533,-28.051825,30.0809,-6.0401554,-5.906727,19.367235,-15.454141,3.7839725,11.217386
weld_139.wav,0.0022284398,0.0019036391,-573.391,185.75659,-93.13269,46.45371,21.20702,-29.561386,33.24117,-8.67512,-6.6672096,21.088053,-18.760086,3.4216328,10.733531
weld_14.wav,0.0019113772,0.0012398364,-592.53986,203.64525,-110.145325,44.891903,23.982077,-29.76108,35.136147,-11.054279,-6.5020676,23.48033,-17.53598,6.4818954,9.628828
weld_140.wav,0.0022006417,0.0018775015,-579.1676,187.6988,-97.64908,45.85239,18.841269,-30.470364,36.22949,-8.834867,-7.026216,22.630367,-18.193123,4.799199,11.320897
weld_141.wav,0.002259599,0.0018810116,-580.66046,192.00725,-101.27575,49.789623,20.285158,-33.324333,36.134884,-8.648869,-6.6813416,22.719383,-19.118584,5.619384,12.14853
weld_142.wav,0.0022528823,0.0020340807,-544.26,145.95187,-68.75652,34.30442,16.414606,-24.33772,24.191107,-4.9685235,-6.0263166,15.773852,-13.660115,1.4542526,8.92143
weld_143.wav,0.0023353463,0.002090603,-555.81006,164.72293,-81.85831,40.591347,16.52655,-27.701248,31.046204,-7.249874,-8.204188,18.158909,-16.445562,2.602001,9.472508
weld_144.wav,0.0018427176,0.0012657997,-600.0014,188.83711,-112.579094,57.276566,18.298056,-34.29101,43.26371,-12.865287,-7.4438086,27.933962,-18.160114,8.574295,11.036247
weld_145.wav,0.0018136586,0.0013002998,-590.7549,172.41173,-101.84697,50.662117,16.961603,-30.814995,39.615982,-10.295824,-6.68086,24.959583,-17.147436,7.0692677,11.306244
weld_146.wav,0.0019691512,0.0015987529,-569.5813,186.59952,-98.794975,33.40414,18.0468,-26.52105,35.827198,-5.2857547,-7.8387465,19.837215,-16.226679,3.9655902,11.009082
weld_147.wav,0.0019440813,0.0015059867,-580.2475,192.80406,-107.66265,41.053246,20.22881,-31.134401,37.351242,-6.1788917,-8.09481,21.351927,-18.043228,3.7902331,11.982856
weld_148.wav,0.0023692788,0.0020214685,-555.2547,161.96797,-96.62331,43.257217,22.557816,-28.130102,31.25871,-7.035515,-5.8992047,21.676811,-15.634063,3.6365504,11.6498785
weld_149.wav,0.0019476418,0.0017807592,-555.1756,147.54366,-80.643074,37.389748,21.955069,-24.57267,26.686089,-2.4217346,-4.119493,17.929764,-13.721232,1.7431917,10.180343
weld_15.wav,0.0016968495,0.0011324796,-616.5065,187.82425,-119.124756,39.801254,11.127732,-36.091263,35.80044,-16.329323,-7.3758206,26.198494,-20.89229,5.180322,9.455894
weld_150.wav,0.0017548334,0.0014676434,-572.71954,167.506,-91.38051,27.565062,17.07558,-22.696,34.03213,-3.5174904,-9.366626,17.664303,-12.793765,3.035818,11.729731
weld_151.wav,0.0018423095,0.0016299142,-568.44196,159.84442,-87.73917,34.002674,19.626152,-27.754108,26.872364,-1.302962,-2.740852,18.53268,-13.5694685,1.5250244,8.202996
weld_152.wav,0.0017711504,0.0014185148,-575.9665,176.73175,-99.23435,37.247242,20.041836,-29.096827,32.26982,-2.7232845,-3.1777043,19.765448,-16.768627,2.68176,8.542638
weld_153.wav,0.0019691926,0.0015355054,-582.901,194.84494,-104.23534,44.81566,21.696291,-31.7545,34.071423,-7.657369,-4.6516905,22.395834,-19.62256,3.350753,9.265701
weld_154.wav,0.0022093167,0.0020600911,-594.4377,160.84782,-91.14937,41.220867,23.01951,-25.707716,29.44503,-6.2994227,-3.8264875,20.906708,-16.010857,4.6529655,13.519708
weld_155.wav,0.0018564658,0.001904782,-571.74774,126.74288,-65.42276,27.80318,18.372019,-18.96737,21.282377,-1.3999832,-2.605897,13.986993,-12.517723,1.5337183,10.958425
weld_156.wav,0.0017329871,0.0018639867,-627.16327,181.3825,-102.66401,44.608784,15.804742,-32.938313,38.30159,-7.193975,-7.9285965,21.099586,-20.345423,4.2406597,14.1377
weld_157.wav,0.0020534296,0.002002049,-588.96265,158.73256,-86.94072,37.213192,22.17711,-25.49833,26.80267,-5.5741186,-4.9551435,18.436478,-15.582451,3.1529918,11.424396
weld_158.wav,0.0016014429,0.0017207242,-622.10187,149.53319,-90.02284,37.56678,18.363008,-26.987295,32.731808,-1.5971308,-5.9490466,17.733744,-15.974446,3.427599,15.253402
weld_159.wav,0.0018874398,0.001953419,-607.86755,153.88332,-89.59963,37.807312,18.498758,-27.580498,30.244957,-3.528479,-3.859676,19.397167,-16.719147,3.8983011,15.121025
weld_16.wav,0.0016720863,0.0010635819,-638.3324,214.58704,-139.32945,47.49218,13.000645,-42.484257,41.24355,-18.838688,-8.257217,29.647532,-24.350424,6.343793,10.264257
weld_160.wav,0.0015383235,0.0016670157,-622.8048,155.87556,-93.23218,35.690655,18.382687,-28.049124,32.01821,-2.3549788,-5.799826,19.656996,-16.069984,2.0934262,15.913891
weld_161.wav,0.002000005,0.0017866581,-607.6432,170.75877,-102.58934,42.83818,22.53717,-29.986895,31.456696,-6.9723163,-3.8540199,22.78844,-17.454723,5.923172,14.529139
weld_162.wav,0.0016920094,0.0014914154,-620.4868,179.28154,-105.94436,41.428387,22.163519,-31.949196,30.659258,-7.2994556,-4.3050466,21.910164,-19.33648,5.0197177,15.318856
weld_163.wav,0.0018294617,0.0015869678,-607.71094,169.44586,-101.438805,41.677895,21.949642,-29.922054,30.719587,-7.5598006,-4.6482797,22.72886,-17.287724,4.634049,14.342566
weld_164.wav,0.0017897004,0.0013276292,-578.53723,161.12524,-93.47362,35.891,19.680605,-27.51523,27.527382,-6.3746777,-3.0830817,20.761494,-15.95458,5.498014,13.863117
weld_165.wav,0.002106003,0.0018504885,-607.7558,174.92563,-107.82175,44.958218,17.008142,-34.452087,38.547,-4.8520017,-7.038953,22.424751,-18.058575,5.02999,15.725142
weld_166.wav,0.0019396794,0.0013708466,-583.68713,169.4779,-103.27311,41.476635,20.729298,-30.38999,30.976084,-8.78549,-4.731122,23.18564,-17.543205,5.214112,14.268842
weld_167.wav,0.0017341559,0.0012997519,-595.9611,174.3955,-106.7487,42.75106,21.153877,-31.913477,31.73961,-8.288731,-4.6989655,22.964874,-17.97219,5.44271,13.291672
weld_168.wav,0.0015762593,0.0011344407,-607.811,184.81429,-111.16629,43.23107,21.905811,-33.015484,32.686718,-8.462394,-4.416264,24.092209,-18.34263,5.6557918,13.485102
weld_169.wav,0.0015456255,0.0011690846,-607.0793,181.5613,-105.39433,42.44914,22.227201,-31.518112,31.086391,-8.363588,-5.123703,21.916761,-18.444227,5.1380053,13.044142
weld_17.wav,0.0016249018,0.0010072754,-644.83527,226.13728,-146.64514,49.229618,13.53976,-44.14334,43.155586,-20.213295,-8.899466,30.040731,-26.099684,7.4347873,10.575332
weld_170.wav,0.0015817899,0.0012352755,-574.29407,151.50244,-79.31899,26.206102,21.400257,-21.494267,19.949604,-4.2206674,-2.424936,15.64261,-13.29365,3.506765,10.745808
weld_171.wav,0.0020924467,0.0015675616,-582.11926,170.14586,-100.684784,46.199635,19.943592,-30.71721,33.98919,-8.047214,-4.2459145,23.29541,-19.050194,4.448152,12.745992
weld_172.wav,0.0020723136,0.0013719511,-594.3353,199.35054,-123.03933,54.162445,20.200804,-37.26708,41.161446,-12.004673,-5.8724995,27.02012,-22.78827,7.062434,13.248456
weld_173.wav,0.0020402088,0.0013653358,-584.1965,200.24698,-119.928696,48.959675,20.681545,-37.482803,37.779793,-9.812095,-5.746372,26.449507,-20.811079,5.715006,13.376999
weld_174.wav,0.0019577262,0.0013324533,-579.2822,180.49512,-108.83902,48.00228,19.989729,-33.987637,35.451668,-9.297965,-5.339656,24.587603,-19.648785,5.258021,12.6674385
weld_175.wav,0.002291263,0.0015461424,-558.8571,175.767,-108.09978,47.179684,20.067455,-33.38494,35.232662,-9.42191,-6.5472903,24.134977,-19.098045,4.583082,12.736844
weld_176.wav,0.0020485243,0.0013445474,-582.18427,204.00172,-115.16095,51.117764,22.713123,-36.66123,38.587574,-8.569214,-7.7554183,24.248213,-21.887644,3.259509,12.807959
weld_177.wav,0.0020708542,0.001351995,-567.58856,199.75168,-104.572365,45.462154,21.958998,-34.05346,32.488914,-9.049086,-6.9029894,21.783636,-19.634697,3.3551054,10.015348
weld_178.wav,0.0019020807,0.001166895,-563.8624,180.78516,-102.82092,44.702946,22.15248,-32.35876,32.64641,-7.1928787,-5.9961243,22.834192,-18.126675,2.8100302,10.917667
weld_179.wav,0.0018751044,0.0012249382,-569.8873,186.39471,-108.755684,46.119747,22.893663,-33.251087,34.198956,-7.7827673,-6.0607877,23.383183,-18.775093,4.24252,11.413853
weld_18.wav,0.0018231785,0.0011556391,-636.7944,223.71999,-144.69319,50.80266,12.591856,-43.674976,44.59367,-20.545235,-8.474322,31.739983,-25.85944,6.909594,10.425893
weld_180.wav,0.0018666863,0.0010961144,-581.11096,194.75734,-117.41645,53.028336,22.271124,-36.613907,38.307236,-10.1990185,-6.5288563,25.152918,-21.736837,5.369866,12.230051
weld_181.wav,0.0020979343,0.0016116962,-565.529,172.32521,-101.94203,42.19618,18.441433,-33.172363,34.125584,-5.060847,-6.8046756,21.341175,-17.559404,3.030456,12.928322
weld_182.wav,0.0017371468,0.0010199645,-583.3209,204.1918,-123.380646,51.498928,23.979656,-37.595646,37.62295,-10.447016,-6.925513,24.644464,-23.00349,4.6821,11.668549
weld_183.wav,0.0020200778,0.0015001824,-567.7278,186.35844,-95.872665,48.609783,22.79569,-31.000526,35.155003,-6.2156487,-7.4447117,21.567999,-17.633818,2.5126216,10.731317
weld_184.wav,0.0019801254,0.0013583483,-555.61847,173.27701,-90.08376,38.196278,21.57169,-28.878998,27.17447,-5.7870936,-5.211808,20.181416,-14.278294,3.7933261,10.274525
weld_185.wav,0.0022546255,0.0018427315,-566.3801,180.94606,-101.33177,45.499737,20.684156,-33.6109,35.803745,-4.6393642,-8.997941,21.806845,-15.820893,2.1204731,11.734957
weld_186.wav,0.0025187347,0.0021661962,-569.4732,191.16138,-107.958305,50.654102,22.147621,-36.08984,38.492386,-5.5721807,-9.816087,22.93026,-17.571526,2.4403825,12.625081
weld_187.wav,0.0020626897,0.0015371889,-575.7093,194.60762,-108.818985,49.689632,22.65087,-34.79973,37.002357,-7.0048566,-6.939306,23.80838,-18.84698,4.217494,12.55061
weld_188.wav,0.0023021237,0.0018443692,-564.12213,185.73604,-106.974785,44.97441,21.179296,-34.970913,34.602657,-6.0535417,-8.248161,21.9991,-17.095863,3.7737293,12.316895
weld_189.wav,0.0023560803,0.0019625553,-553.7691,167.3892,-90.4351,43.44531,22.409649,-29.825924,31.045067,-3.1907425,-7.478465,18.316216,-14.056301,3.1267684,9.926294
weld_19.wav,0.0018105524,0.0011570018,-637.1296,220.30806,-142.6424,51.548897,12.012444,-43.924217,44.243557,-20.833853,-8.946743,31.074793,-26.190445,6.9768324,10.769085
weld_190.wav,0.0023097058,0.0018327478,-534.2743,142.61679,-76.0502,37.117603,20.581095,-24.526653,25.519314,-3.0302076,-4.14971,18.441866,-13.068749,1.4388394,10.227204
weld_191.wav,0.0018855254,0.001452583,-587.8822,196.703,-106.61825,51.30955,22.442186,-35.29578,36.30627,-7.3134923,-7.4603124,21.488972,-19.292942,3.9558835,9.166503
weld_192.wav,0.0022002347,0.0017901321,-569.86597,179.31775,-101.48328,47.81874,22.25684,-33.61145,34.035847,-5.39488,-5.995347,22.716087,-17.527704,3.762729,12.542632
weld_193.wav,0.001982557,0.0015849279,-576.9182,184.22304,-107.070076,46.84283,22.54075,-33.619205,34.2534,-6.7912908,-5.673971,22.71104,-19.126143,4.316288,12.21049
weld_194.wav,0.0021508143,0.0018671254,-572.7022,172.76024,-102.0584,45.72153,20.604319,-33.76999,33.725822,-5.0316224,-6.308197,21.61706,-17.840916,3.0131483,12.053274
weld_195.wav,0.0023836766,0.0017802643,-562.1178,184.64139,-106.4575,46.599586,21.215418,-35.402985,34.807026,-6.974101,-8.373394,22.66185,-19.299982,2.18051,13.066441
weld_196.wav,0.002034342,0.0015512763,-576.2827,188.19383,-106.795105,44.408386,21.920391,-34.730976,33.389946,-5.2122116,-6.0392237,21.688374,-17.87607,4.0755057,11.4161415
weld_197.wav,0.002242185,0.007262336,-476.96652,61.983917,-28.310919,11.386423,12.395705,-7.92102,7.5624557,2.8774593,2.0477424,7.6245165,-5.075836,0.04127573,6.17772
weld_198.wav,0.0017153731,0.0011165111,-583.68744,186.82289,-105.682465,42.72993,22.501097,-32.20302,31.495777,-6.9332294,-3.5961514,22.829298,-18.168562,5.036595,11.373623
weld_199.wav,0.0017008649,0.0011986202,-585.3194,188.01263,-102.678696,43.45328,22.581192,-30.72687,32.129906,-7.2814693,-3.813286,22.495369,-17.788067,5.256816,9.933071
weld_2.wav,0.0021791386,0.0019848684,-598.7986,172.46155,-99.182495,41.998745,22.458862,-29.27136,31.833876,-6.294337,-6.398969,21.819445,-13.646842,5.062285,10.808049
weld_20.wav,0.0017352705,0.0010975181,-639.90375,224.04372,-144.97192,50.88705,12.744174,-44.18744,44.6554,-19.96146,-8.9346485,30.839664,-26.283756,6.753755,10.5699835
weld_200.wav,0.0033670736,0.0015433186,-542.1417,192.08997,-81.59777,52.52717,29.868874,-23.432432,36.61132,-1.5521016,-2.538942,23.23179,-15.903207,4.186732,12.625606
weld_201.wav,0.002050343,0.0017451148,-589.96924,189.15811,-105.77801,47.596004,21.478647,-32.52482,36.829666,-6.941087,-6.0494037,22.751507,-18.993877,5.9287715,13.660331
weld_202.wav,0.00250928,0.0017652744,-559.3482,195.03589,-110.97525,48.307438,20.0372,-35.712708,37.18374,-7.621301,-5.9008007,22.968946,-22.453403,2.2789087,11.577394
weld_203.wav,0.002752934,0.0025650158,-563.2117,178.17612,-101.67782,52.58819,17.990995,-33.198864,37.586086,-10.640557,-6.6705947,24.214962,-18.878456,5.2109056,10.161464
weld_204.wav,0.002925709,0.0028718314,-555.4804,160.84138,-89.53805,47.54866,17.815098,-29.029167,33.516357,-8.169783,-4.765659,22.384262,-16.778305,4.293686,9.403723
weld_205.wav,0.002225408,0.002022387,-563.5245,177.70973,-90.33532,43.041645,18.483217,-29.566257,32.933052,-6.233797,-5.398246,20.184727,-19.324114,1.1435474,9.564235
weld_206.wav,0.002026493,0.0017748654,-585.06793,189.09373,-99.89636,50.10357,18.52245,-33.55517,37.572586,-9.67428,-9.433195,21.668858,-20.84459,2.9327989,11.390054
weld_207.wav,0.002452025,0.0019601977,-562.18384,187.03867,-99.35153,50.036995,21.354446,-32.327656,35.272987,-8.672738,-5.953859,24.0472,-18.64849,3.7933774,10.489639
weld_208.wav,0.0023444188,0.0020451338,-564.1374,182.30301,-94.716125,44.916683,22.838793,-30.74946,31.290604,-6.975499,-7.0538545,20.702374,-17.355925,2.3490665,9.416746
weld_209.wav,0.0023542335,0.0020638686,-565.45886,178.62549,-92.75782,43.52943,20.739857,-29.42356,31.692396,-7.957542,-6.8063755,20.848625,-16.749636,4.301832,10.828794
weld_21.wav,0.0017747649,0.0011291703,-636.9939,219.04059,-141.30582,49.204468,12.1121025,-43.001534,43.081356,-20.43082,-9.125237,30.036833,-25.410345,6.950324,9.970657
weld_210.wav,0.0023595914,0.0018336438,-567.4741,188.20177,-100.450325,48.817413,19.746881,-33.481777,34.562378,-9.667017,-6.8689046,22.67,-19.425545,4.2735167,10.114217
weld_211.wav,0.002133267,0.0018033125,-583.3533,191.55269,-99.23153,47.920177,21.62631,-31.901825,33.348904,-9.5506,-5.887001,22.959555,-18.884714,3.9321318,9.509992
weld_212.wav,0.0014570602,0.0014275232,-597.6036,172.94513,-86.58149,40.557343,20.375143,-27.235384,31.46868,-5.489661,-6.748955,19.412222,-16.859325,2.3449597,12.574353
weld_213.wav,0.0023098104,0.001991951,-556.71375,158.70294,-89.44153,45.1307,19.845026,-28.054674,31.198818,-8.029158,-5.3189654,21.273193,-16.70998,3.9958076,10.374634
weld_214.wav,0.0017466142,0.0016871451,-584.45624,167.92038,-90.50863,43.783073,20.247944,-29.74553,32.040073,-5.926872,-7.0836787,20.315683,-17.338163,2.0729196,12.284598
weld_215.wav,0.0018170243,0.0015336794,-587.6861,187.25809,-97.68983,44.651405,19.629179,-30.213366,35.046413,-8.661808,-7.5724487,21.134293,-18.431273,4.448953,10.593018
weld_216.wav,0.00188228,0.0016971544,-598.1876,188.26724,-105.16354,50.632317,21.287998,-34.943043,35.913895,-6.698149,-4.5291443,24.565039,-18.93778,3.061726,8.946917
weld_217.wav,0.0021349257,0.0018165447,-595.32263,199.06194,-108.22513,56.95885,21.95996,-35.097267,38.67684,-11.587411,-6.5787177,24.935215,-21.847515,4.9987016,9.581823
weld_218.wav,0.0021065164,0.0016276728,-572.9753,182.65376,-94.716286,48.681538,21.421406,-31.735283,33.070465,-7.7833214,-6.006122,21.523232,-18.952715,3.2722867,9.737506
weld_219.wav,0.0019633113,0.0016886886,-576.5355,174.94398,-94.23357,49.35861,23.160246,-30.01502,33.5104,-6.707694,-5.425405,21.959492,-18.409666,2.588864,9.559784
weld_22.wav,0.001788627,0.0011347093,-634.6507,223.0768,-139.52322,51.27906,12.774406,-42.60188,44.802784,-19.353245,-8.5865755,30.939844,-24.913876,7.3750143,10.752539
weld_220.wav,0.0017040812,0.0017262773,-588.2416,172.2032,-89.39845,42.922966,21.423185,-28.956244,31.153126,-4.8235083,-5.758517,20.192806,-15.946636,2.3565207,9.6161175
weld_221.wav,0.0018708189,0.001623558,-575.024,177.74397,-97.88908,43.010086,22.216742,-29.29968,33.3689,-5.7289996,-5.6881003,21.790325,-17.530424,2.2291877,10.164457
weld_222.wav,0.0020311656,0.0017102128,-557.9474,150.28683,-85.73935,42.419968,22.038805,-25.964504,29.187193,-5.386575,-5.1825857,19.625715,-14.870015,3.1750526,9.453684
weld_223.wav,0.0015863827,0.0012956308,-596.60834,181.63332,-96.49079,45.129948,23.042772,-29.977644,32.96215,-5.5401273,-5.2465305,22.158556,-16.58795,3.063291,10.672046
weld_224.wav,0.002192511,0.0016247086,-557.25336,178.84254,-100.07192,40.55108,21.876936,-29.075657,33.021038,-5.6083636,-5.3381686,22.458992,-15.808609,3.1345053,10.273839
weld_225.wav,0.0018022115,0.0012942668,-584.96075,191.70331,-103.36297,46.06458,23.110634,-30.700909,33.476322,-9.317225,-5.7444634,23.046333,-17.82728,5.5842557,11.11041
weld_226.wav,0.0019335218,0.0015906568,-588.14655,191.57887,-106.13587,48.432095,21.75622,-33.58077,35.579308,-8.575845,-6.954242,23.037998,-19.11469,4.0467844,10.692331
weld_227.wav,0.0018227146,0.0014836327,-584.6745,181.04053,-101.24009,47.61116,22.707884,-31.147554,33.976566,-7.0877466,-4.8037834,22.712444,-18.43579,3.6910636,9.735079
weld_228.wav,0.0016617881,0.0016400359,-596.1557,176.2784,-95.26847,43.96538,21.563236,-29.693233,32.6462,-6.4571776,-6.474321,21.484291,-15.805545,3.7284071,10.492459
weld_229.wav,0.0022619313,0.0017934424,-565.8573,168.94337,-93.280556,46.24843,19.884933,-28.680182,32.862892,-8.792343,-4.799166,22.45724,-17.307066,4.752611,9.623739
weld_23.wav,0.0018349953,0.0011434215,-638.93994,229.20285,-145.4247,51.804836,10.593462,-45.69486,44.874947,-21.721067,-8.612734,30.871605,-28.84167,6.5807967,10.181536
weld_230.wav,0.0018804076,0.0014472094,-583.243,178.32121,-103.24028,46.751026,21.253206,-29.925882,34.99183,-8.852813,-4.714061,23.215042,-18.332092,5.4806805,9.758268
weld_231.wav,0.0018212528,0.0015713684,-588.3134,179.99814,-98.23653,43.23723,22.22799,-29.982307,32.029133,-6.5564404,-5.424205,21.366302,-17.124424,3.9239383,10.590439
weld_232.wav,0.0018844316,0.0015489245,-578.4509,179.41937,-101.924065,44.511745,21.010103,-31.565931,32.976097,-7.8781433,-6.289544,21.806246,-17.618176,4.0258174,10.113392
weld_233.wav,0.0018519042,0.0015557563,-586.298,185.31699,-108.02645,48.610397,21.02133,-34.24018,35.976692,-7.5281386,-6.1032805,22.37439,-20.121506,3.901142,10.206532
weld_234.wav,0.0019454592,0.0016839334,-594.0282,191.07677,-114.28829,50.453533,21.555082,-34.56393,38.733974,-8.826992,-6.713037,23.744331,-20.98842,5.4526772,12.480187
weld_235.wav,0.0019958958,0.0016835226,-575.1399,178.99641,-95.058044,44.664017,22.059103,-30.259266,32.118565,-6.2046957,-5.5577965,21.615547,-17.210629,2.5896454,10.195157
weld_236.wav,0.0019771666,0.0015667944,-571.3637,182.43875,-96.97676,43.047596,20.254921,-30.969639,31.849607,-8.105725,-6.8207464,20.229397,-18.910894,2.8647707,9.793354
weld_237.wav,0.0019801958,0.001696433,-572.4192,165.76784,-89.68996,43.364185,20.430452,-29.13437,31.181442,-5.456384,-6.1256127,18.58393,-18.277475,2.900277,11.004946
weld_238.wav,0.0017890339,0.0016547437,-563.6464,151.94147,-79.196365,37.50533,21.678385,-24.458023,26.760756,-3.212857,-4.5121183,17.699802,-14.596138,1.7827317,9.840847
weld_239.wav,0.0020682602,0.0016488112,-549.21356,158.96,-76.595604,35.464157,19.749083,-25.530706,24.308273,-5.267132,-4.825897,17.171602,-15.933748,0.28897992,8.402423
weld_24.wav,0.0017595858,0.0011297931,-632.7867,213.77295,-136.00198,48.40309,11.646351,-41.639973,42.747673,-18.617002,-7.6121206,29.807457,-25.107502,6.6656847,10.506792
weld_240.wav,0.0020297247,0.0017372639,-579.3099,186.53136,-101.261665,47.745132,20.654644,-32.75627,35.317745,-7.562481,-6.383455,21.871649,-20.578306,2.9092216,10.928882
weld_241.wav,0.0021130678,0.0017010311,-564.9527,179.73256,-96.977,43.90839,21.801258,-30.375628,32.72079,-6.534881,-6.641579,20.685463,-18.23172,2.575776,10.20364
weld_242.wav,0.0017570666,0.001576246,-590.1673,181.54091,-97.250336,45.128975,19.89672,-29.578434,36.65634,-5.3698287,-4.4539604,22.487595,-19.21327,4.101178,12.3880005
weld_243.wav,0.0028173048,0.0025093942,-557.98706,171.54605,-105.03936,40.006542,22.931948,-24.22817,31.182222,-14.563462,-6.051874,24.554052,-15.71202,5.9069624,9.296763
weld_244.wav,0.00271142,0.0051137996,-486.6799,80.91157,-45.04756,20.29378,16.561796,-6.0816164,16.619465,-6.269118,-4.5584817,13.073573,-5.8558435,0.8827322,5.3430343
weld_245.wav,0.0028758012,0.0032116822,-531.5898,133.50253,-75.319954,24.52644,16.52075,-14.49468,25.212915,-10.967958,-6.7493806,19.393282,-10.447089,2.6551006,9.097305
weld_246.wav,0.0024073387,0.0021872607,-551.42084,153.66829,-84.79679,35.601673,15.021678,-20.896023,33.7373,-10.824097,-9.033252,19.115204,-14.495409,6.2506194,10.775424
weld_247.wav,0.002221456,0.002112457,-531.44415,111.63343,-60.42024,33.05848,14.982625,-16.30331,24.844412,-5.4676285,-3.163585,16.099293,-12.101279,3.1149921,9.26622
weld_248.wav,0.0024004548,0.0020322213,-551.0826,152.0076,-95.00289,40.880344,15.977093,-23.322727,36.495834,-11.02681,-6.7071667,22.342094,-15.932722,6.605508,10.219651
weld_249.wav,0.002402133,0.0016907162,-553.1561,161.83574,-106.29943,45.43121,13.30227,-30.323748,39.877472,-11.6083765,-7.6281815,23.83076,-18.236752,7.69233,12.447357
weld_25.wav,0.0014748127,0.0009139336,-643.4357,220.18036,-135.54597,42.41612,14.335756,-38.215565,39.185665,-17.989202,-5.279781,28.588741,-24.107914,8.024944,9.844789
weld_250.wav,0.0024541426,0.0019190784,-564.1281,161.03786,-97.716064,50.585453,13.935802,-27.990229,41.961708,-12.261639,-8.773774,23.26718,-18.161257,7.5362263,11.023034
weld_251.wav,0.0024038977,0.0017968493,-546.4134,136.93446,-86.78775,45.99373,14.254635,-25.72208,36.45803,-7.8718424,-5.968807,20.790165,-16.680481,5.521329,11.88581
weld_252.wav,0.0024248285,0.0017385058,-561.2894,152.58171,-97.718376,50.563507,15.034806,-28.40348,40.233192,-10.048563,-4.998267,25.857416,-17.62261,6.4439454,12.626469
weld_253.wav,0.002431005,0.0015374823,-575.7279,176.48361,-117.51465,57.971893,15.2257595,-35.69894,46.213936,-12.694624,-7.757615,28.334213,-20.451117,7.4353,13.078906
weld_254.wav,0.0025083728,0.0016341275,-552.1359,163.44034,-104.891655,56.623993,15.916406,-31.624943,44.19785,-10.46907,-7.056096,25.32923,-20.361261,6.1704664,12.096574
weld_255.wav,0.002333029,0.0017772893,-567.1533,166.78378,-107.24907,50.756077,14.881654,-29.09694,44.856346,-11.8190365,-8.82818,25.06728,-18.668295,8.210773,12.410645
weld_256.wav,0.0025772257,0.0017873307,-557.56635,174.01909,-99.65668,52.345154,15.83077,-30.178247,40.85636,-12.373404,-8.071127,23.937733,-20.221178,5.3446393,10.556286
weld_257.wav,0.0025383239,0.0016954659,-571.6828,174.44876,-114.80902,58.236046,16.218868,-33.297295,46.84934,-11.989933,-6.3770227,28.850048,-20.179384,7.8465786,13.071138
weld_258.wav,0.0024778,0.0016832682,-570.76636,166.46628,-105.89228,53.50517,14.620818,-31.12417,43.30787,-11.99923,-6.632692,26.940569,-18.845419,7.2940483,12.686793
weld_259.wav,0.0026255273,0.0018085529,-569.99426,156.57329,-104.278015,55.466415,19.045727,-29.468395,40.71931,-11.747672,-5.7370434,28.631012,-15.722916,6.9003096,11.924459
weld_26.wav,0.0014590133,0.00090647954,-642.4147,218.30821,-134.69624,41.393127,12.315932,-39.163055,38.882053,-19.250483,-7.129482,28.407719,-24.17759,6.7835755,9.951623
weld_260.wav,0.0023332033,0.0015971829,-579.7476,189.47359,-113.13587,53.200417,16.23635,-31.008472,47.164722,-13.255569,-9.838801,27.465029,-18.547459,6.991795,9.41869
weld_261.wav,0.0021086764,0.001906059,-571.85315,151.23152,-87.841125,36.7817,16.374262,-19.037971,35.88673,-10.217768,-7.1658225,21.212198,-14.044941,5.856612,8.95627
weld_262.wav,0.0027763129,0.002180921,-544.82214,195.2638,-114.063675,40.301826,15.725394,-30.546797,39.762985,-12.528288,-8.894657,23.230133,-20.032816,5.8051667,10.742259
weld_263.wav,0.002505453,0.0020509139,-567.3845,188.23221,-106.00616,47.01812,23.105345,-33.083572,34.76215,-8.022047,-8.011395,24.484774,-15.04746,5.145516,12.633299
weld_264.wav,0.0025403304,0.0021455954,-526.98834,135.61792,-72.06237,36.93168,22.287579,-22.622612,23.941952,-3.3811655,-5.8421855,17.761328,-9.648389,2.4955537,9.976267
weld_265.wav,0.0027403582,0.0023895518,-562.8321,179.33087,-100.742386,51.166214,22.5376,-33.864113,33.17238,-9.4977,-8.23938,23.288822,-16.267162,4.979633,12.039809
weld_266.wav,0.0029991053,0.002463008,-550.043,180.68484,-97.43625,48.7764,17.843664,-34.783367,33.729866,-9.423481,-7.8868666,22.409794,-18.092245,4.3396783,12.040223
weld_267.wav,0.00217825,0.0020892702,-575.7332,177.32277,-95.06311,44.939552,20.771816,-31.431538,30.787245,-8.46943,-6.836516,21.751617,-15.778808,4.700537,11.362543
weld_268.wav,0.0028848597,0.0026650447,-560.00415,172.02185,-90.76917,48.96628,21.36394,-30.53971,32.326347,-8.405366,-6.846332,23.088203,-15.584163,3.8288934,11.6291065
weld_269.wav,0.0025509538,0.0023738542,-567.1606,179.81213,-92.310585,51.23548,19.21977,-33.348404,34.264797,-8.535679,-7.6420994,22.07463,-17.753077,4.136137,10.686758
weld_27.wav,0.0014864758,0.00093521376,-640.9696,219.09769,-133.92003,39.570652,13.228492,-38.272896,37.506744,-18.814337,-6.5168333,27.845001,-23.747614,7.566324,10.236094
weld_270.wav,0.0027509592,0.002347648,-562.8557,180.63138,-100.89697,52.648914,21.255955,-34.447613,35.11203,-8.704331,-6.6525774,24.786459,-17.059685,4.5927305,11.540538
weld_271.wav,0.0027649186,0.002376497,-553.29395,178.34238,-95.90245,48.327812,20.821104,-33.428196,32.3446,-8.252314,-7.933534,22.301945,-16.675661,3.5150988,11.47369
weld_272.wav,0.0029827482,0.0025162622,-542.9109,180.9023,-98.55106,51.572464,20.978376,-33.44795,34.19809,-10.664513,-8.796496,23.662752,-16.682543,4.731527,11.419667
weld_273.wav,0.0025347406,0.002220885,-565.4844,174.40945,-100.756004,49.851654,21.057032,-34.408558,33.31947,-8.834745,-8.063184,24.061464,-15.310014,5.0022354,12.335058
weld_274.wav,0.0030941456,0.002861155,-546.50433,172.47124,-91.83157,47.66983,20.775255,-31.754847,31.320322,-8.288328,-7.2869563,22.422173,-15.741404,3.2212844,10.80969
weld_275.wav,0.0031572348,0.0030554766,-520.56775,147.46217,-64.98963,37.82705,20.147264,-24.316193,23.665062,-3.3755734,-6.3614593,17.342033,-10.493318,0.6281395,8.358154
weld_276.wav,0.0029664256,0.0028872038,-530.182,142.79991,-70.6801,37.630024,20.3791,-25.041124,24.029428,-3.2819335,-5.5652704,18.729214,-9.820839,1.836207,9.651672
weld_277.wav,0.002735903,0.0023914406,-565.7604,184.46481,-103.73825,49.515884,20.219114,-35.40281,34.00974,-10.258872,-8.810972,23.604504,-17.289726,4.5509534,11.486664
weld_278.wav,0.002252912,0.0016787194,-558.45306,173.88039,-93.45871,47.646526,20.522043,-33.79682,29.841381,-9.599688,-9.227474,20.770954,-17.681942,0.87617344,8.633284
weld_279.wav,0.0024719988,0.0018573846,-565.4652,197.27185,-112.242966,51.299168,20.378073,-39.059124,34.851437,-11.439566,-8.931171,24.66962,-19.590178,4.1956964,11.671156
weld_28.wav,0.0013781554,0.00086272456,-656.0458,226.49167,-140.45457,42.24126,14.772214,-38.807186,39.489693,-19.87671,-6.1091514,29.162937,-25.021536,8.377387,10.243126
weld_280.wav,0.0022679523,0.0017954401,-568.865,180.38177,-108.642456,50.18993,20.786928,-35.84787,35.326096,-9.027993,-7.413546,24.393406,-17.972029,4.9871306,11.930083
weld_281.wav,0.0032038619,0.0024853565,-537.8144,171.16988,-99.25131,50.965847,21.118057,-33.040302,33.778847,-9.002703,-6.918782,23.585325,-17.369946,3.0382202,9.173504
weld_282.wav,0.0029434776,0.0023026043,-554.9757,183.16556,-109.53057,55.451244,19.728613,-36.875328,37.970417,-10.756656,-7.2435474,26.199774,-18.255173,6.4501667,12.058499
weld_283.wav,0.0026672245,0.0023683852,-534.6113,148.13644,-83.143364,44.155365,17.583214,-29.079897,29.905575,-7.1625333,-6.7532454,21.593864,-13.778276,3.3015046,11.350917
weld_284.wav,0.0027449722,0.0024597056,-561.4302,181.98093,-101.16088,50.693607,19.679632,-35.20632,33.931458,-10.350463,-7.859807,24.05762,-18.023655,3.5666146,10.953628
weld_285.wav,0.003142075,0.0025803414,-548.0324,186.77824,-100.07378,52.438976,20.959667,-35.150875,33.943794,-11.1054,-9.108647,23.531403,-17.90349,3.8105004,10.407408
weld_286.wav,0.0026102015,0.002544807,-561.0411,172.22481,-92.84177,46.54695,19.326368,-32.113575,31.437004,-9.136368,-7.4260325,23.294502,-15.078528,3.5987284,10.188975
weld_287.wav,0.0030244682,0.00267749,-555.3362,185.3548,-97.916534,52.403496,20.936884,-33.31664,35.424084,-10.2807,-8.507785,23.96636,-17.694477,3.3032315,9.846095
weld_288.wav,0.0028418647,0.002475772,-534.88873,157.14058,-84.46303,44.969242,18.703728,-29.37405,30.047432,-7.640146,-6.764043,21.491888,-15.000145,2.669053,10.755677
weld_289.wav,0.0029796532,0.002654627,-558.48895,183.79683,-99.94144,55.085014,19.840399,-35.833656,35.851955,-9.934055,-7.040956,24.956257,-18.234966,5.015029,11.616674
weld_29.wav,0.0014116865,0.00088229706,-652.624,224.47643,-139.49333,42.498737,15.05032,-39.197933,39.580242,-19.218048,-7.2105284,29.320955,-23.892857,7.203111,10.197571
weld_290.wav,0.0029958242,0.0027415007,-547.9863,167.2712,-90.52287,50.984047,20.12476,-31.07716,32.732433,-10.0104065,-7.5952373,23.386923,-15.325934,4.4314127,10.8404255
weld_291.wav,0.003220467,0.0029161677,-537.3176,161.12422,-82.15435,49.2466,22.04884,-27.653915,30.951115,-7.2758484,-5.548286,22.470993,-14.255934,4.534763,11.84023
weld_292.wav,0.0027603987,0.0022984988,-560.962,185.55434,-104.99265,51.19539,22.893099,-34.35931,34.58879,-9.393504,-7.337622,25.047398,-16.998985,4.870694,12.468879
weld_293.wav,0.003147346,0.0019508895,-550.0109,195.50142,-101.77947,61.610054,23.665277,-34.316116,39.39139,-11.1696205,-7.033244,26.711702,-19.383526,5.7575965,12.39637
weld_294.wav,0.0027978537,0.0023980027,-549.9113,169.11514,-97.210495,50.378235,20.686491,-31.893782,33.623768,-9.90841,-7.3289976,23.442438,-17.087831,4.5538516,11.458863
weld_295.wav,0.0028863929,0.0024142996,-545.86945,171.21645,-93.51121,47.950565,22.41029,-31.231493,31.129028,-7.583081,-5.8607054,22.900652,-16.539858,3.3300633,11.28834
weld_296.wav,0.0026568072,0.0024015256,-528.8401,142.42493,-72.63554,37.433125,15.299403,-26.351463,25.960287,-6.0532007,-5.62987,19.29403,-12.896453,2.050864,10.22858
weld_297.wav,0.0025541699,0.0023986448,-566.8879,167.97264,-97.535416,50.987354,21.101955,-30.18291,35.218784,-9.818415,-6.6558995,24.758646,-15.878261,4.981619,11.501885
weld_298.wav,0.0030106117,0.0027446717,-537.82367,157.05975,-83.75347,47.518185,20.256605,-27.962412,30.996532,-8.191514,-6.979894,21.708054,-13.793159,4.4199476,10.574766
weld_299.wav,0.0030010366,0.0026092592,-543.7459,164.59753,-97.354355,51.43188,21.631052,-30.952026,34.572197,-9.889795,-8.239726,24.282923,-14.996051,4.7936826,10.989876
weld_3.wav,0.002065262,0.0019525068,-611.5275,179.92627,-103.0262,42.905365,22.826174,-30.82584,32.965656,-6.040891,-6.1892323,22.888783,-14.71796,4.0903964,10.925182
weld_30.wav,0.0014165425,0.0008969443,-651.92926,222.09303,-139.38664,42.64267,14.561732,-38.931587,39.600792,-19.771431,-6.665096,29.715652,-24.54706,7.33874,10.499875
weld_300.wav,0.003111166,0.0026465177,-543.5431,161.75775,-93.83027,50.16324,18.924397,-30.86045,34.192505,-9.8971815,-7.1894164,23.90875,-15.797055,4.6851087,10.964161
weld_301.wav,0.0021013636,0.0020620935,-558.3044,148.4842,-67.12472,45.30173,15.852367,-31.932537,26.281189,-1.4688251,-7.205022,14.686601,-12.126612,3.1152778,9.41852
weld_302.wav,0.0019719803,0.0016357558,-584.84973,188.26312,-94.897736,56.808064,19.51958,-40.066017,34.236362,-5.056842,-8.445233,19.5035,-17.007141,4.392546,8.749186
weld_303.wav,0.0020226266,0.0018363063,-587.139,183.74402,-94.94318,56.720943,17.626602,-40.934185,35.002083,-5.2181683,-8.576297,20.59629,-17.02278,5.063853,12.1292715
weld_304.wav,0.002002969,0.0016977653,-555.98505,152.88103,-75.08667,47.50851,16.906193,-33.423893,27.91446,-2.7168136,-7.0165243,16.825878,-13.102687,3.9340827,10.823396
weld_305.wav,0.0019068904,0.0016891932,-571.9103,168.379,-81.24793,48.84581,17.249907,-35.18728,29.72193,-3.9970334,-7.8916388,17.640635,-13.725172,4.1425314,9.124137
weld_306.wav,0.0020361783,0.0016797829,-576.145,187.917,-88.26466,52.951435,18.833225,-37.27195,31.485134,-6.259686,-8.268908,17.60226,-17.248093,4.8327565,8.5765915
weld_307.wav,0.0018555218,0.001845425,-543.54535,123.79329,-51.652584,38.19618,15.874497,-25.23159,20.397854,0.9287727,-4.007296,11.96638,-9.436965,2.7672925,7.215165
weld_308.wav,0.001964966,0.0017643506,-571.9573,162.66144,-76.055046,49.63177,17.306137,-34.329174,28.381506,-2.330882,-5.427625,16.070984,-14.709604,4.466072,8.189916
weld_309.wav,0.0021559545,0.0017753767,-581.3558,192.16728,-93.96706,58.22274,19.814255,-39.31603,34.300037,-6.734907,-8.648907,19.069744,-17.681389,5.3301454,8.495743
weld_31.wav,0.0014710053,0.0009170831,-639.9757,216.77953,-131.88168,40.21638,11.772933,-37.913174,37.99316,-20.40744,-6.949244,28.690384,-24.361536,6.8721,10.399252
weld_310.wav,0.0020027373,0.0017806446,-579.131,179.17558,-87.467026,54.26013,19.368364,-36.49086,32.531967,-4.312867,-6.6456256,18.816042,-15.912685,5.4521127,9.021311
weld_311.wav,0.0018527004,0.0016571267,-585.2676,179.33209,-88.164116,54.144753,18.928879,-36.501755,33.6681,-5.426561,-8.805115,19.41938,-16.047283,3.8804538,9.396721
weld_312.wav,0.0021611727,0.0020960518,-568.4967,170.19653,-83.1828,49.973248,20.164486,-33.494553,29.617186,-3.6888075,-5.4875402,18.452827,-14.286049,5.421641,9.289032
weld_313.wav,0.002178173,0.0020176203,-568.35315,167.37718,-81.33755,52.92501,20.059128,-33.37309,30.569994,-4.399528,-6.493253,17.056053,-16.14897,4.8241625,9.077142
weld_314.wav,0.0018626011,0.0016518063,-584.25885,177.36583,-88.57843,53.092365,19.233997,-36.239468,32.712116,-4.606446,-7.798649,18.68301,-15.309659,5.6370683,9.828303
weld_315.wav,0.0018651702,0.0017661074,-582.64465,173.30736,-87.84091,51.311035,19.632381,-34.986935,31.873152,-4.8782287,-8.167098,18.66856,-14.736588,4.886247,9.60903
weld_316.wav,0.0018641733,0.0016495597,-579.81165,177.63016,-88.770226,49.85934,17.990885,-35.630512,31.80762,-4.7236514,-6.755531,18.860764,-15.189734,5.3271875,8.806318
weld_317.wav,0.0019158791,0.0017258256,-571.6398,172.5659,-80.32541,47.894066,17.458715,-35.113705,28.720171,-4.0932255,-7.1999,17.4214,-14.372294,4.5264754,9.172027
weld_318.wav,0.0020018397,0.0018651518,-555.0502,146.3635,-70.75213,42.76515,16.07851,-31.789959,25.562807,-1.3253536,-6.6108394,15.045614,-11.582939,3.807781,8.780963
weld_319.wav,0.0019986138,0.0018347839,-586.8993,186.42447,-92.94138,50.03067,16.062363,-37.27283,36.36425,-3.6571648,-8.23809,20.098745,-15.484515,5.078028,9.668675
weld_32.wav,0.0014315918,0.00090101705,-650.7493,227.38094,-140.91573,42.876648,14.735079,-38.919117,40.278076,-20.16167,-6.4850545,29.93081,-24.8859,8.311221,10.822187
weld_320.wav,0.0017250736,0.0017499445,-606.2072,164.43765,-80.41523,51.4174,16.418152,-34.37001,30.785152,-3.5471392,-4.516782,17.046907,-15.526836,7.9413223,9.556394
weld_321.wav,0.002195504,0.0018166188,-600.51556,158.72891,-80.92993,57.23611,14.112146,-38.513397,36.671925,-1.7651769,-9.267875,20.67081,-10.5605755,7.0520334,11.8866005
weld_322.wav,0.0020239705,0.001701323,-610.4527,158.78932,-79.00239,57.422577,13.143214,-39.10452,36.98107,-0.26352537,-8.2344055,20.419249,-10.9711685,6.5919585,11.607225
weld_323.wav,0.0021866148,0.0018882597,-601.27844,151.18596,-74.78879,55.838963,14.121499,-37.419907,34.806602,0.33104777,-7.905364,19.817709,-9.499327,6.8886867,12.062268
weld_324.wav,0.0021763186,0.0018812383,-602.4574,151.78654,-76.03082,56.69632,14.742444,-38.089878,33.929024,0.6519728,-6.7475233,19.134,-10.392727,6.983963,11.398547
weld_325.wav,0.0018884495,0.0016329152,-622.83344,168.45482,-87.04341,61.251945,15.011907,-41.039837,38.683544,-1.6757302,-8.473956,21.582071,-12.359,7.4820604,12.006769
weld_326.wav,0.0019701081,0.0016443052,-615.60187,165.97278,-84.00961,60.854633,16.119766,-39.932995,37.33172,-1.0425048,-8.158536,20.523932,-12.071656,7.485737,12.160839
weld_327.wav,0.0018835864,0.0015352404,-613.9418,162.97838,-83.78812,58.73186,16.19918,-40.880478,31.975214,-0.8212942,-4.818843,17.95714,-13.362247,8.279993,10.145332
weld_328.wav,0.0018956218,0.0016449301,-610.4182,155.64633,-77.82409,55.974384,17.353872,-37.192837,29.667585,-0.616155,-3.6400611,17.467644,-12.2467,8.312543,9.967428
weld_329.wav,0.0017342508,0.0018909449,-637.0191,156.71513,-82.58624,51.972733,15.869169,-37.37046,30.033869,-2.0272992,-5.084346,18.732841,-11.408243,8.226486,10.522455
weld_33.wav,0.0014818882,0.000945348,-649.2397,224.29097,-140.55484,41.482834,13.975838,-38.90443,39.439255,-20.691498,-7.0259624,29.534933,-24.82302,7.806275,10.612609
weld_330.wav,0.0017672013,0.0013610737,-614.2537,169.01688,-86.87256,62.459755,17.775505,-40.71659,33.09213,-1.8289613,-2.2327917,19.092176,-16.17462,9.989298,10.686994
weld_331.wav,0.0019107742,0.0014270155,-622.87305,185.44012,-98.96723,65.705765,15.837361,-45.69709,41.03274,-2.8453345,-8.466481,22.815176,-15.110483,8.504819,12.824465
weld_332.wav,0.002242129,0.0022917113,-620.4773,152.51614,-78.304474,54.943455,15.906303,-36.65749,33.32287,0.3020235,-5.374926,19.93392,-10.754745,7.2943645,11.997848
weld_333.wav,0.0023640806,0.0023830496,-618.85046,153.2334,-77.12428,54.761665,15.14917,-36.634075,34.567783,-0.61255324,-8.236116,20.383709,-9.445143,6.5317698,11.941371
weld_334.wav,0.0022286072,0.002337863,-625.07117,149.48817,-71.05093,54.377754,12.728009,-35.27032,36.114246,-1.4093931,-9.94996,20.38598,-10.022228,4.752773,11.663763
weld_335.wav,0.0022133244,0.002191624,-616.60266,141.88652,-68.125565,53.60404,13.160074,-34.51892,33.483894,-1.14515,-8.78898,19.546085,-9.00167,5.9298534,12.092189
weld_336.wav,0.0021576963,0.002126265,-619.6717,140.75612,-69.91751,54.43399,11.327248,-35.616932,34.65843,-2.1665199,-8.646014,21.00261,-10.20922,4.569234,11.700565
weld_337.wav,0.0020092009,0.0021649317,-604.1051,113.05665,-53.08699,45.561527,11.549535,-28.492628,27.03253,0.88642746,-5.6443744,16.11679,-7.548416,3.9979405,10.116468
weld_338.wav,0.0017974237,0.0017560481,-636.6529,161.04778,-85.72217,56.32189,13.115472,-40.043438,36.24583,-2.86893,-7.898217,21.326546,-14.110545,6.317771,13.146039
weld_339.wav,0.002069592,0.002073488,-616.57916,145.37997,-75.22383,54.346542,13.92531,-35.636272,34.29285,-2.7058516,-9.411049,20.664415,-10.308405,4.5892587,11.081428
weld_34.wav,0.002105362,0.0011343659,-571.1487,207.29887,-116.71451,48.59382,25.344213,-35.338253,36.106102,-9.308273,-8.834745,24.36769,-17.96906,2.4874492,8.988896
weld_340.wav,0.0019568931,0.0020427133,-629.7543,148.87164,-75.78072,56.31015,14.422064,-35.735497,35.85485,-1.9408172,-8.538225,21.273197,-10.87896,5.0005417,11.827165
weld_341.wav,0.0022122527,0.0021433474,-596.9568,154.13864,-93.100006,34.76272,15.622582,-23.938917,33.24463,-7.279051,-5.6325088,20.023024,-13.643848,6.8231587,10.676477
weld_342.wav,0.0024879796,0.002196268,-613.9229,188.21248,-115.33306,50.02809,17.579067,-35.530228,38.24132,-12.139542,-4.9796247,27.0711,-21.181347,5.9369016,14.089416
weld_343.wav,0.0025340454,0.002273091,-590.68866,162.8349,-99.22078,41.776497,19.129015,-28.769764,31.455135,-9.14092,-4.502251,23.468325,-15.412604,5.2919164,11.6504755
weld_344.wav,0.00259722,0.0023812403,-584.20795,148.7425,-91.73093,37.22741,18.24072,-26.216711,27.97496,-8.444069,-3.8935916,21.92179,-14.3884,4.27218,11.377877
weld_345.wav,0.0024713574,0.0022299953,-580.76843,147.67984,-87.23104,36.79831,15.106571,-26.702497,29.660257,-6.2291865,-3.5831144,20.032833,-15.523802,4.68395,11.90548
weld_346.wav,0.0026226055,0.0023633493,-596.5943,162.9823,-103.53066,44.450226,19.246134,-30.562489,32.80626,-8.898621,-3.536599,24.388752,-17.00437,5.779217,12.647128
weld_347.wav,0.0025382675,0.0022170083,-596.0744,165.35059,-103.29023,44.868763,17.738949,-31.748734,33.891685,-8.755369,-4.6373734,23.491339,-17.804817,5.5101137,12.5893545
weld_348.wav,0.0023567497,0.002322243,-593.4865,154.15886,-91.65466,38.36891,17.207956,-27.703533,29.76979,-7.1336336,-4.0913024,21.55537,-15.123847,4.5056095,12.140624
weld_349.wav,0.0024366248,0.0023420341,-598.205,166.4653,-100.449356,41.55905,16.3459,-29.476011,35.630196,-7.25789,-4.9505887,22.907995,-16.48206,6.035335,12.931548
weld_35.wav,0.0011540545,0.00085529365,-659.406,203.3918,-125.42161,40.87864,12.480144,-35.633686,38.698994,-17.502775,-6.3283696,29.030146,-21.722517,6.8523846,11.370512
weld_350.wav,0.0025689427,0.0022340002,-609.55994,184.12479,-114.7141,48.504715,20.116072,-32.88268,37.200893,-11.451902,-4.70547,26.621332,-19.062284,6.8036995,12.561562
weld_351.wav,0.0023354713,0.0022454662,-612.75665,170.57434,-105.14554,43.675808,17.73738,-29.59577,35.433678,-9.628568,-3.4404585,24.661749,-18.259426,6.9382057,13.7631035
weld_352.wav,0.0025439926,0.0023305067,-595.5133,155.47441,-94.801834,41.88663,15.808111,-29.583578,31.618027,-8.019016,-3.2878258,22.188549,-17.26651,5.1081076,12.108513
weld_353.wav,0.002534679,0.0023753562,-573.18274,137.14255,-82.59346,34.13489,14.816201,-25.460756,24.963694,-8.895998,-4.6602373,19.065163,-13.714163,4.9674478,10.807179
weld_354.wav,0.0023006022,0.0022899718,-602.41876,155.8348,-94.874725,35.14311,14.538492,-28.524101,31.492062,-6.030532,-4.7306986,19.85399,-16.887184,4.8982863,13.876941
weld_355.wav,0.0025712275,0.0023786623,-578.24585,147.03375,-86.00189,36.229637,17.646622,-25.134718,26.231367,-8.761819,-3.9424303,20.28106,-14.317736,5.091017,11.4899845
weld_356.wav,0.0023842999,0.002224773,-562.7127,127.50127,-72.77168,32.111797,17.833433,-20.187416,23.236387,-5.4424686,-2.0948453,18.44206,-11.46269,3.6421874,9.320044
weld_357.wav,0.0025447158,0.0022592477,-605.81433,176.37909,-106.45343,45.573933,17.162611,-33.667416,34.326263,-10.044992,-4.75941,24.629011,-18.127487,6.42677,12.659059
weld_358.wav,0.0023929097,0.0021120168,-598.422,171.12552,-100.70525,39.94563,15.290591,-29.983624,34.67351,-8.088644,-5.103695,21.334576,-18.385284,5.957344,12.690474
weld_359.wav,0.0022613516,0.0021186704,-599.41,152.84045,-90.73575,40.645313,17.61635,-26.483318,31.215036,-7.2350774,-3.2127345,21.507257,-16.596092,5.036346,13.227212
weld_36.wav,0.0012355021,0.00080461206,-661.60205,220.3106,-137.04297,42.258778,13.196251,-38.675915,39.57675,-19.746553,-5.7211347,30.111967,-24.556269,8.1684,11.243878
weld_360.wav,0.0024169341,0.0020626523,-584.6945,154.01924,-94.576294,42.01024,19.017784,-26.93618,30.841654,-9.245895,-4.222326,22.53676,-15.421391,6.201499,12.066375
weld_361.wav,0.0025119358,0.0024089415,-602.77844,165.0875,-102.97844,43.726776,17.861301,-29.674599,34.476963,-9.255431,-3.3919325,25.395813,-17.428295,5.117232,13.249452
weld_362.wav,0.0024623948,0.002280305,-601.80096,164.1704,-100.1988,44.48495,19.01074,-29.585598,32.891865,-9.1640215,-3.5592828,24.567585,-16.98701,4.9615316,12.070422
weld_363.wav,0.0024696325,0.0021679082,-593.3311,154.97127,-96.0609,44.770344,18.526365,-27.77665,32.896755,-9.422504,-4.1765366,23.369987,-16.441874,5.939417,12.2606325
weld_364.wav,0.002244246,0.0020527411,-615.6513,176.78616,-109.79533,47.1198,17.2954,-33.50463,37.67803,-8.916112,-5.0523095,24.44254,-19.468632,6.306496,13.260687
weld_365.wav,0.0025957269,0.0022143552,-608.8076,185.97769,-115.27503,50.430534,19.048403,-33.883385,38.86512,-12.140224,-5.429477,26.87364,-20.474184,7.045166,13.992415
weld_366.wav,0.0023611297,0.0020631498,-601.3542,179.71304,-109.16152,43.615284,15.346635,-33.634796,37.30471,-9.140712,-6.3832927,23.137234,-19.334976,6.3416843,13.37318
weld_367.wav,0.002173067,0.0020094877,-611.47107,168.69418,-107.11444,45.171432,18.031954,-31.231731,36.46739,-8.174794,-3.671441,25.692398,-17.497997,5.5745463,13.442992
weld_368.wav,0.0024617754,0.0022597697,-604.6832,173.76477,-106.62819,47.70677,18.622227,-32.01456,35.75591,-9.82703,-3.4828708,26.22136,-18.04776,5.868591,12.292268
weld_369.wav,0.0024001542,0.0022213436,-596.8599,160.93481,-100.2202,43.193928,18.240343,-28.25696,33.887943,-9.001215,-3.3235903,25.098837,-16.027239,5.3419647,11.475056
weld_37.wav,0.0011590408,0.00076484965,-663.9213,215.65138,-134.53403,41.600952,14.23387,-37.428024,38.975452,-18.373236,-5.6668572,29.403412,-23.078033,8.308729,11.075772
weld_370.wav,0.0021868746,0.0021869328,-599.5026,155.7389,-91.934525,37.84496,17.270676,-26.438786,32.843136,-5.3307705,-4.805704,21.60926,-14.90373,3.9384534,13.380168
weld_371.wav,0.0025093122,0.0022463864,-595.21094,160.70969,-99.59983,44.434128,16.613115,-30.608856,33.876144,-7.6390057,-2.0152247,24.506199,-17.295393,6.5495315,13.167274
weld_372.wav,0.002699929,0.002376542,-577.1618,149.98653,-93.15473,42.558006,16.975677,-26.826595,32.45381,-9.501331,-4.1041756,23.876026,-15.214326,6.589374,13.681352
weld_373.wav,0.0022250032,0.0020300655,-582.4384,131.55244,-79.95223,34.006294,15.571683,-23.541885,27.34293,-3.7493477,-1.6241876,19.525433,-12.728316,4.844934,11.870809
weld_374.wav,0.0027304934,0.0024254485,-592.3153,163.28427,-100.63633,44.185722,19.284386,-29.01936,33.16399,-8.762297,-2.7328184,25.317337,-16.268095,5.992389,12.614181
weld_375.wav,0.0024408184,0.0021305447,-602.68945,165.55804,-106.06594,45.893253,19.650518,-29.6826,34.6738,-10.416999,-3.9179041,25.75108,-16.79189,6.682828,12.431952
weld_376.wav,0.0025183838,0.0021528027,-599.34393,177.78764,-113.17758,44.47796,17.219204,-33.652657,36.07259,-10.339206,-4.8822503,25.379307,-18.874517,6.4136014,13.206692
weld_377.wav,0.0022732797,0.0020381594,-603.3254,167.30446,-102.825806,39.88807,15.793516,-30.36112,34.283234,-8.0634985,-4.541499,22.4274,-18.356571,5.726537,13.34882
weld_378.wav,0.0023736209,0.0022311222,-597.70264,155.3149,-96.543434,39.9185,15.412334,-28.62864,32.780346,-7.8126493,-3.6000295,22.339912,-17.049675,6.021419,13.150573
weld_379.wav,0.0023500754,0.0022556789,-599.0745,158.84564,-96.50542,36.903423,15.958657,-27.909983,33.536846,-5.9648323,-6.1113343,20.728731,-14.904933,4.931043,12.955151
weld_38.wav,0.0013219712,0.0008799631,-656.21796,220.29347,-136.53178,41.93916,14.100674,-38.16409,39.764435,-18.491795,-5.8805695,29.634558,-23.560785,8.286709,11.2119875
weld_380.wav,0.0023075156,0.0022484886,-589.4844,143.33449,-87.26178,34.483425,14.149681,-24.829748,31.417635,-5.2991905,-4.1268816,19.688623,-14.183514,5.7921114,12.673039
weld_381.wav,0.002219937,0.0019764288,-613.7551,172.0012,-107.78705,45.31814,18.03912,-32.35529,34.933926,-9.399837,-3.9423885,25.317583,-17.433893,6.772817,13.133246
weld_382.wav,0.0021705986,0.0019682192,-611.1027,167.96269,-102.59886,42.067398,17.267473,-30.962816,32.63405,-10.137965,-5.4639497,23.192934,-18.116774,4.4118633,12.670623
weld_383.wav,0.002577139,0.0022667793,-605.44794,172.784,-109.46371,46.405872,19.332579,-32.152927,35.492733,-9.732419,-4.9018064,25.002594,-17.537455,6.6965404,12.629032
weld_384.wav,0.0023272885,0.0021016474,-599.21094,155.65103,-100.40255,42.983055,18.842493,-28.317566,32.871326,-8.88711,-4.225587,23.622152,-15.462878,6.858818,12.788893
weld_385.wav,0.0022776856,0.0021495065,-615.1798,170.10716,-108.46297,43.946125,17.893528,-31.477043,35.664364,-8.512183,-3.5494673,24.75268,-18.505396,6.211092,13.822682
weld_386.wav,0.0025390883,0.0024091213,-599.1082,154.78778,-94.152824,35.05021,14.617694,-25.091232,35.01308,-5.5988493,-4.1141534,22.67933,-13.240071,7.6743636,15.068297
weld_387.wav,0.0024520895,0.0024996048,-608.47736,155.49207,-96.85582,39.20161,16.163612,-27.821465,34.10632,-5.802187,-3.731673,22.399733,-15.725646,5.204577,12.931111
weld_388.wav,0.0025475295,0.002753027,-612.7074,162.52478,-100.25722,44.64335,18.116274,-29.869234,33.757294,-8.683508,-3.8541021,23.953936,-16.991749,5.877908,12.540871
weld_389.wav,0.0020625987,0.0021883727,-627.81995,168.84111,-103.81964,41.916256,16.960403,-30.7134,35.98968,-6.395657,-4.6028013,22.747671,-17.321606,6.184329,13.117629
weld_39.wav,0.0012792136,0.0008788416,-656.2635,216.7705,-134.07375,40.541187,13.593858,-37.083683,39.359295,-18.3299,-5.663314,29.64491,-23.033316,8.491818,11.544755
weld_390.wav,0.0026383852,0.0026199557,-607.0616,167.23988,-103.7293,44.17685,17.5167,-30.592941,34.76159,-9.361265,-4.18146,24.945301,-16.665255,6.727728,12.399155
weld_391.wav,0.0026815073,0.0027117436,-600.9001,155.34163,-97.70994,42.489685,19.244768,-27.512342,32.93155,-7.263431,-3.5239434,22.998114,-15.604943,6.41822,12.633126
weld_392.wav,0.0027243118,0.0026090087,-604.6268,165.9617,-103.882935,45.509766,19.088997,-30.697872,34.965725,-8.206571,-4.4150763,24.630861,-16.050848,7.029963,13.247119
weld_393.wav,0.0022475086,0.0023238196,-615.6939,159.8472,-98.27,38.910675,15.00653,-28.485085,36.517685,-4.7023787,-4.835399,22.208504,-14.339234,7.4001865,13.971842
weld_394.wav,0.002281383,0.0023199478,-620.70764,162.96677,-100.45872,42.232048,16.406385,-29.82881,36.709488,-4.362574,-3.1827655,23.073183,-15.7090845,7.399531,14.155391
weld_395.wav,0.00195859,0.0023668583,-630.7557,155.40135,-92.32809,35.85516,18.905409,-24.99626,31.320885,-4.3152843,-2.0269477,23.220734,-13.950273,3.092508,11.906788
weld_396.wav,0.002325248,0.0020764675,-620.69806,175.83911,-108.40362,43.621044,16.273632,-30.84678,39.81103,-6.023768,-3.1322236,25.517448,-16.408379,8.953325,15.443615
weld_397.wav,0.0025848597,0.0024720917,-617.3435,174.60881,-109.993385,46.712475,18.639399,-32.402817,37.289917,-7.5560956,-2.535632,26.619505,-17.477695,6.775604,13.711446
weld_398.wav,0.002654834,0.002424487,-612.0179,169.58984,-104.16894,44.526592,20.11626,-27.62269,36.737587,-7.583276,-1.5820452,27.372894,-15.810014,7.205445,14.088965
weld_399.wav,0.0021056284,0.0020495101,-616.1249,155.95341,-94.349686,35.074043,16.049524,-23.798637,35.699352,-4.270591,-2.5943832,22.520622,-15.019245,7.0116997,15.759659
weld_4.wav,0.0016759249,0.0011243318,-590.13586,203.55063,-111.27015,39.514683,16.965319,-31.283478,34.35023,-15.396708,-6.102642,25.956673,-21.065636,4.2530537,9.92273
weld_40.wav,0.0022118636,0.0015925014,-581.6331,198.13167,-114.22821,48.555412,24.672394,-34.54563,36.717075,-8.4457655,-8.574293,25.454391,-16.630917,3.185383,11.935103
weld_400.wav,0.0022401023,0.0019498649,-619.3351,167.33336,-103.79937,43.937717,18.758955,-30.517086,35.600826,-5.2830796,-1.769103,24.73757,-17.024313,6.354989,13.667674
weld_401.wav,0.0018910045,0.0017552851,-613.4096,163.88011,-97.55992,36.670002,16.735405,-28.591707,31.78658,-6.4738493,-4.7491417,21.046467,-15.777906,4.94404,12.377495
weld_402.wav,0.0017851467,0.0015923057,-614.12885,162.4761,-97.256744,38.511875,17.219412,-28.866453,32.675564,-5.3636227,-4.1483784,21.02412,-16.489042,4.542254,12.339579
weld_403.wav,0.0018361855,0.0017467975,-619.8205,168.32462,-101.23522,39.34024,20.796734,-29.476994,30.430695,-7.2174387,-4.5297227,23.17791,-14.8161335,4.443043,11.943275
weld_404.wav,0.001837839,0.0016365142,-607.5379,162.67906,-97.536644,36.452053,19.9853,-28.025343,29.141367,-6.6059346,-4.66858,21.520756,-14.149727,5.3088527,12.636483
weld_405.wav,0.0020015049,0.0017925579,-613.05,163.78555,-99.25354,40.022114,18.325232,-29.551826,31.915648,-6.5134325,-2.8720903,23.868706,-15.574295,5.444955,13.069689
weld_406.wav,0.0022506157,0.001970319,-617.7087,173.6253,-112.64108,49.285145,17.761976,-34.145298,38.61727,-9.008033,-4.386249,26.115265,-18.848083,7.051167,13.433738
weld_407.wav,0.002076859,0.001779973,-621.05475,173.37238,-108.49466,46.303673,18.797554,-31.7545,36.645916,-9.275763,-4.5047345,26.1722,-17.290056,6.89586,14.144412
weld_408.wav,0.0020184787,0.0017445557,-622.01917,173.18489,-110.93901,45.513725,19.12097,-32.15455,35.6015,-9.674373,-3.9486523,26.399986,-17.106411,7.0523887,13.037588
weld_409.wav,0.0024143725,0.0020325498,-603.79364,160.51674,-96.970795,45.331944,18.790613,-28.767529,35.09981,-5.2087283,-1.2962048,24.796759,-15.503975,7.8061247,14.190737
weld_41.wav,0.0019911896,0.0012856841,-580.2877,197.13147,-117.08414,46.700863,23.720284,-33.948887,35.91825,-10.048098,-7.434699,25.1269,-18.274576,3.7382078,10.778972
weld_410.wav,0.0023325188,0.0020407278,-605.92865,165.51466,-101.55146,43.31648,18.98374,-30.02881,32.79667,-8.703166,-4.172139,23.706507,-16.16458,7.2814703,13.035589
weld_411.wav,0.0019861166,0.0017148531,-605.3549,170.00754,-100.08359,40.98586,17.448248,-31.00352,33.01179,-6.941369,-4.767128,21.951859,-17.589205,4.794085,12.265127
weld_412.wav,0.0020970283,0.0018472297,-616.3589,172.31325,-104.45329,46.528233,19.863306,-30.189098,35.41826,-9.31271,-4.461759,24.35763,-17.26214,7.9114866,13.084966
weld_413.wav,0.00225432,0.0019293596,-598.94617,163.18552,-106.63754,47.109962,20.524614,-31.474754,34.374207,-9.125923,-5.4903708,24.362583,-15.917399,7.431903,12.336036
weld_414.wav,0.001943514,0.0017784482,-607.9923,166.41913,-97.6882,39.399677,19.903185,-28.56255,31.069546,-5.6104636,-2.7511005,22.34749,-15.561376,5.6564193,12.416223
weld_415.wav,0.0022610126,0.0018865992,-599.1942,161.71924,-100.01133,43.02032,19.194477,-28.126911,32.900883,-9.553119,-4.855949,22.772123,-16.295574,7.553396,13.053381
weld_416.wav,0.0018089518,0.001845293,-618.51416,164.99594,-92.938484,32.126694,16.190008,-24.956436,32.289608,-5.2508163,-4.65032,19.246246,-15.244249,6.943043,13.47363
weld_417.wav,0.0021517002,0.001984818,-598.604,153.3911,-91.665504,38.289284,19.008942,-26.113716,30.269173,-5.223609,-2.250599,22.088022,-13.97078,5.89964,12.257176
weld_418.wav,0.002436809,0.0021212418,-612.7679,168.05785,-106.4559,47.330864,19.911392,-30.392168,35.834442,-9.226124,-3.6629093,25.721739,-16.534992,8.368764,13.900088
weld_419.wav,0.0022928768,0.0021488948,-606.897,162.90408,-101.219536,42.03268,18.995598,-28.273973,33.617905,-8.113127,-3.6763518,24.313805,-14.7391,8.290467,14.113616
weld_42.wav,0.0021468801,0.0012541986,-563.5059,199.48407,-114.656815,46.510418,25.113283,-33.557438,35.6241,-8.975767,-8.285275,25.703009,-15.427208,3.6340623,10.507899
weld_420.wav,0.002462872,0.0024128607,-614.91046,159.45078,-97.46832,43.73629,16.422338,-28.936373,34.440247,-9.216948,-5.0966487,24.9263,-13.167737,6.5772576,10.39078
weld_421.wav,0.0031583118,0.0027038201,-542.5686,148.03592,-88.51323,34.9198,12.06854,-30.35707,27.764769,-9.78155,-8.49089,20.621874,-14.166889,0.06089462,6.6245728
weld_422.wav,0.0029685593,0.0023081067,-574.14594,201.9674,-131.9399,49.26199,12.401619,-43.531628,40.54528,-17.62189,-11.493593,27.477306,-24.34107,2.1595552,8.823923
weld_423.wav,0.0034479012,0.0022920214,-543.5549,188.6915,-126.40332,48.413635,10.984579,-42.609715,39.670956,-16.74189,-11.188592,27.373098,-22.888872,2.5660875,10.112089
weld_424.wav,0.0031101399,0.001863097,-548.52655,195.72932,-132.24092,49.679317,11.67098,-44.718754,40.323254,-16.763788,-10.936041,27.702183,-24.092356,2.9624667,9.768094
weld_425.wav,0.0033127915,0.002078896,-533.59064,175.99603,-117.84877,45.190693,11.735286,-38.701393,37.76105,-14.277255,-10.093993,26.118834,-20.067118,2.6430054,9.262689
weld_426.wav,0.0033016703,0.0020097322,-545.31165,195.61983,-131.29346,48.92788,10.876768,-44.964756,40.575333,-16.390041,-11.958749,26.939213,-23.545502,2.8447044,9.426611
weld_427.wav,0.0028410356,0.0016825959,-551.0058,199.94821,-120.671555,44.296017,12.437623,-40.64095,38.040874,-14.016319,-10.406123,25.071314,-23.587683,-0.30154595,8.405984
weld_428.wav,0.0029503156,0.0017162042,-539.3045,191.08403,-114.06245,43.546284,13.596079,-38.231304,36.44834,-12.2281475,-8.786508,25.503723,-20.790123,0.13818376,7.9058366
weld_429.wav,0.0029022512,0.001724348,-549.01935,200.25902,-115.47293,44.731773,14.969886,-38.46927,36.550415,-12.362079,-8.670441,24.923002,-20.965443,1.1141214,7.7081146
weld_43.wav,0.0013358447,0.0009704271,-652.0065,209.74506,-125.619316,38.31652,14.443066,-34.515457,36.583588,-16.800962,-4.723781,28.515528,-21.06098,8.240184,11.1504135
weld_430.wav,0.0029867021,0.0014207703,-555.1059,216.50449,-121.30177,51.57765,16.611889,-39.186543,42.827183,-12.618237,-7.866098,28.796255,-22.348396,2.8366039,9.677045
weld_431.wav,0.0028248206,0.001604401,-567.98773,226.97862,-134.38809,54.730675,16.154089,-43.97256,44.541565,-15.42441,-9.022659,30.047998,-25.460527,2.3261552,8.859956
weld_432.wav,0.0029364673,0.0017215171,-564.728,212.65233,-134.38464,52.783497,12.977733,-45.820717,41.023838,-19.055952,-10.795634,31.096207,-23.062832,2.5163915,7.903029
weld_433.wav,0.0029136129,0.0020083417,-545.9673,177.69562,-117.410065,44.64071,13.1368,-40.466206,34.690044,-14.257019,-11.138524,26.204937,-18.25119,0.3147506,7.100191
weld_434.wav,0.0027996611,0.0016822371,-577.9192,222.5155,-143.26843,54.634754,13.960865,-47.030594,44.642765,-18.965275,-11.029379,31.74722,-26.006842,2.3767657,9.788059
weld_435.wav,0.0027374278,0.0016293088,-575.71356,225.17088,-148.04062,55.396477,12.063211,-48.88471,45.914642,-19.529188,-11.480266,30.164722,-27.594763,3.5125465,10.121549
weld_436.wav,0.0026043644,0.001657689,-573.69073,209.03358,-131.6551,49.919353,14.705186,-44.05866,40.430176,-14.79878,-10.1055,28.210629,-22.619036,2.1071622,8.164661
weld_437.wav,0.002578634,0.0014811758,-573.96967,224.47375,-135.50044,51.434597,16.041975,-46.21181,38.75234,-17.400667,-10.0655575,29.172695,-24.069126,0.49142492,5.9002028
weld_438.wav,0.0025379672,0.0015834875,-576.0298,211.89536,-132.49248,50.844894,13.379231,-45.203156,39.45464,-17.459764,-9.467465,29.591421,-23.549156,2.0649745,7.8640347
weld_439.wav,0.0023824181,0.0017150294,-625.7763,213.05792,-115.87466,38.754955,13.2376795,-36.30406,32.373863,-18.440075,-8.22548,25.806221,-18.950338,5.1180663,6.4499187
weld_44.wav,0.0014457366,0.0010278509,-648.4944,210.39542,-128.22147,40.27091,12.943568,-35.184116,38.50289,-18.819412,-5.0714087,29.821724,-22.626446,8.280485,11.587637
weld_440.wav,0.0023353458,0.0016688593,-634.40625,223.85881,-122.41692,40.99414,13.110643,-38.24444,35.296066,-19.180597,-8.338906,27.475847,-20.930202,5.141182,7.159023
weld_441.wav,0.0026550815,0.0018692265,-602.2937,189.79587,-103.903694,35.965866,11.90689,-33.062897,30.825264,-16.069912,-8.577148,24.760872,-16.714113,2.758122,6.7940435
weld_442.wav,0.0027914147,0.002011695,-616.0385,207.00665,-118.06243,43.26934,12.829115,-38.305107,35.510746,-18.028456,-9.203604,28.144558,-19.33259,3.693434,8.073985
weld_443.wav,0.0027384532,0.001960622,-600.02637,185.04025,-103.209885,36.083706,11.537788,-34.019695,29.944288,-15.317697,-8.508962,24.655632,-15.672302,2.4251602,6.456285
weld_444.wav,0.002631191,0.0018954799,-619.53143,208.93808,-118.02679,42.235477,12.266406,-38.768303,35.330006,-17.556822,-9.740903,27.446304,-18.657452,3.2946813,7.112432
weld_445.wav,0.0026498528,0.0018802125,-625.0738,218.81052,-124.137566,46.068623,13.620944,-40.52182,37.67942,-17.6552,-9.211943,28.474674,-19.93929,4.5513167,7.7179885
weld_446.wav,0.0027206505,0.0019450596,-628.044,222.89525,-127.13225,47.343857,12.888645,-41.809784,38.62113,-19.490984,-10.219754,28.931948,-21.764656,4.0313487,7.8285136
weld_447.wav,0.0026361882,0.0019066379,-614.56696,204.40797,-113.920815,41.240295,12.437576,-37.535442,34.16486,-16.908283,-10.042781,25.722382,-18.072727,3.5590053,6.846923
weld_448.wav,0.0027097757,0.0019388933,-611.9366,204.50937,-113.02839,42.408325,11.681742,-38.25799,34.84779,-16.72896,-9.9522,25.26991,-20.359472,2.4648066,7.686511
weld_449.wav,0.0026924426,0.001911886,-622.1307,213.61296,-119.30935,45.799065,12.086508,-40.133606,37.93688,-17.400164,-10.288551,27.426949,-21.108414,2.6641173,8.473389
weld_45.wav,0.0011964559,0.0008628374,-660.8653,205.35815,-125.8733,41.03839,13.154299,-34.916805,38.761295,-17.017813,-4.8112473,29.086813,-21.21794,8.978559,11.214667
weld_450.wav,0.0026205787,0.0018424263,-620.5595,214.34749,-119.78278,44.899277,12.236183,-39.924652,37.71436,-16.986511,-10.173969,26.641056,-21.211945,3.007953,8.028129
weld_451.wav,0.002553133,0.0018062252,-623.8948,225.38487,-130.38672,47.865597,14.446852,-42.85296,39.716522,-17.21375,-11.114814,27.438648,-22.214413,2.8864427,7.4832864
weld_452.wav,0.0025133828,0.001769829,-625.0775,221.12521,-129.18927,47.7351,13.022394,-42.24846,39.859234,-18.341091,-10.673467,27.584042,-23.273273,3.942224,8.538659
weld_453.wav,0.0025805216,0.0018364642,-625.28345,222.01758,-129.87314,48.34853,12.688382,-42.860836,40.283485,-18.930578,-10.981665,28.670565,-23.040876,3.9301178,9.04817
weld_454.wav,0.0026037937,0.0018594215,-620.60034,217.48392,-127.152565,47.88553,13.77591,-42.22316,38.41892,-17.938917,-10.342453,28.135166,-21.735199,3.763656,8.840761
weld_455.wav,0.002495894,0.0017637748,-627.4854,221.6444,-129.96213,49.48766,13.084829,-42.731808,40.378525,-18.7906,-9.984704,29.425024,-22.36627,4.3947654,8.380251
weld_456.wav,0.0025648025,0.0017866492,-623.0735,221.54683,-126.55138,49.08745,13.574418,-42.074806,39.948223,-17.273432,-9.414664,28.829195,-21.926874,4.1415286,8.369861
weld_457.wav,0.0026115077,0.0018612216,-622.3292,216.51172,-125.17276,47.605503,12.590135,-42.078743,39.21977,-17.076853,-10.034696,28.21045,-21.538837,3.1447713,7.9436393
weld_458.wav,0.0026297215,0.0018836213,-625.3556,224.21284,-128.5869,47.67317,13.254944,-43.75249,38.510464,-17.956457,-10.622809,28.45235,-21.939404,3.1157722,8.086622
weld_459.wav,0.0025473537,0.0015593283,-572.80493,209.55171,-134.53107,51.71873,15.053195,-45.14923,39.536034,-16.74884,-9.60577,29.786758,-22.194275,2.7020476,8.403387
weld_46.wav,0.0012734621,0.000984462,-673.73486,202.731,-122.25081,43.19231,15.159048,-34.962105,37.816406,-16.28412,-5.563397,28.9768,-20.466785,7.6563015,11.394065
weld_460.wav,0.0025646312,0.0017342787,-532.1221,144.5974,-90.42526,32.519867,11.673068,-30.940866,25.469952,-10.46579,-7.139279,21.71123,-14.458835,-0.17410262,7.417622
weld_461.wav,0.0027524913,0.0016667832,-558.50244,201.47911,-122.76105,47.74601,13.905071,-41.99054,36.874454,-15.641988,-9.536497,26.65909,-23.201647,0.12285587,6.1763806
weld_462.wav,0.002816886,0.0016504569,-550.1821,203.92667,-116.396774,48.023403,17.925745,-38.4884,37.31365,-12.050472,-8.607812,26.916843,-19.34659,1.5288101,7.485381
weld_463.wav,0.0024513449,0.0014970861,-581.9231,214.87807,-133.63396,52.85925,12.912883,-44.34582,41.8541,-17.920597,-8.787814,29.656582,-23.032663,6.8603244,9.568976
weld_464.wav,0.002676816,0.0016837823,-531.252,161.31184,-96.96234,37.089664,12.746657,-33.46008,29.576546,-9.623527,-7.6430874,22.369987,-14.947539,1.6899481,8.252805
weld_465.wav,0.0025202907,0.0015019544,-573.80756,214.89131,-137.75095,49.723145,13.632462,-45.420475,41.197845,-16.473152,-10.354093,28.192654,-23.192865,5.1173253,9.69146
weld_466.wav,0.0024451888,0.0015324048,-583.2322,218.78467,-135.56712,51.022644,13.4983425,-46.24109,40.94284,-16.488747,-10.178219,29.30638,-21.83068,5.1277103,9.134
weld_467.wav,0.0026891823,0.0016578968,-557.0436,199.06606,-117.10784,50.056667,16.384453,-36.971996,41.229626,-12.299666,-7.923582,28.216702,-19.442621,4.6813755,10.289947
weld_468.wav,0.002514162,0.0015709797,-592.1987,228.38705,-144.28862,56.39596,13.786937,-47.964428,45.327873,-18.964825,-10.94235,31.314026,-24.737103,5.58214,10.190661
weld_469.wav,0.0021018693,0.001421108,-614.1117,212.73512,-126.74904,44.23146,13.665786,-39.59431,39.323044,-15.759529,-8.685809,28.042143,-21.209717,5.695283,11.259457
weld_47.wav,0.0014356796,0.0011365444,-656.7214,196.93173,-117.22193,40.36737,13.75106,-33.271465,36.525326,-16.268734,-5.5790353,27.91858,-20.089882,7.2015758,11.017777
weld_470.wav,0.0020274594,0.0013763746,-615.4134,209.80331,-124.129295,42.644394,13.761095,-38.045967,38.121777,-15.99333,-8.272456,27.720404,-20.72266,5.7462254,10.973844
weld_471.wav,0.002111374,0.0014326843,-602.26624,192.06816,-117.02449,39.656918,13.314925,-35.6134,35.325245,-14.775483,-8.145919,25.615376,-19.251266,5.1306324,10.520802
weld_472.wav,0.0020744149,0.0015024431,-625.0281,216.63774,-125.78584,47.726803,12.805521,-38.957672,40.470295,-20.041487,-10.001281,28.816702,-21.472973,8.192584,9.981153
weld_473.wav,0.0021717083,0.0017457751,-617.0772,196.29175,-114.26698,41.87868,13.548807,-35.80379,35.65907,-16.199415,-9.344583,26.831966,-17.901733,6.1718507,10.023546
weld_474.wav,0.0022329327,0.0016970664,-592.591,177.57341,-101.44342,37.19131,12.396466,-32.053368,31.137476,-14.957716,-8.640345,23.769405,-15.8914385,5.9213696,8.7314205
weld_475.wav,0.0022312691,0.0015303333,-575.74426,195.12408,-117.140785,40.014565,11.341364,-37.551807,34.924374,-17.686396,-10.050365,26.622856,-21.07474,1.8835034,8.551816
weld_476.wav,0.0021759698,0.0013910391,-603.6497,229.25575,-139.89279,49.016846,14.175669,-44.72153,40.894478,-20.62004,-11.191719,29.999771,-25.145126,4.3629293,10.669906
weld_477.wav,0.0022193028,0.0014043651,-588.2837,217.85872,-132.39247,44.332726,13.663426,-41.820385,38.488884,-18.305176,-10.176925,28.265234,-23.276514,3.5415618,9.49188
weld_478.wav,0.0022396548,0.0014563946,-577.36414,202.979,-125.26563,41.85433,13.235416,-40.195816,35.222054,-17.320265,-9.304902,27.194603,-22.112839,2.960389,9.64971
weld_479.wav,0.0021699292,0.0014364554,-584.63477,205.36572,-126.629684,42.110897,14.3687315,-40.91265,35.85452,-15.373575,-9.405977,27.283531,-20.820911,3.0786161,9.471719
weld_48.wav,0.0013680394,0.0010355653,-668.49243,208.63956,-126.45841,42.29125,14.132546,-35.776527,38.298023,-17.380468,-5.486109,28.95724,-21.334211,8.452962,11.125321
weld_480.wav,0.002234649,0.0014627058,-589.7986,217.567,-131.1613,45.300316,11.859184,-42.342495,40.108852,-18.075045,-9.827558,29.448977,-23.124857,3.8452704,10.067401
weld_481.wav,0.002069181,0.0012736818,-571.89795,192.53505,-113.05845,37.502335,15.198347,-34.103443,31.925413,-13.966654,-7.111592,23.56759,-19.487425,3.1099715,7.4064837
weld_482.wav,0.0020148489,0.0012836722,-603.2401,227.01819,-141.96481,49.020966,16.355423,-44.435555,41.294277,-17.408981,-10.253118,29.474586,-23.069775,4.785895,9.927869
weld_483.wav,0.0020930946,0.0013346726,-601.01697,227.75095,-140.11766,48.078865,16.014175,-44.82258,40.639122,-16.650734,-9.844536,29.88916,-22.945766,3.7994187,10.280481
weld_484.wav,0.0021177668,0.0013769638,-598.5456,222.45787,-138.10873,48.407635,14.359977,-45.147327,41.13697,-17.53062,-11.48641,29.644537,-23.19484,3.0434885,9.875439
weld_485.wav,0.002130793,0.0013281748,-595.152,226.15863,-140.29016,49.87356,15.132855,-45.068974,41.243546,-17.725521,-9.816084,29.6558,-23.967583,3.8924675,9.242192
weld_486.wav,0.0020563616,0.0012768193,-589.03503,211.47726,-130.10213,43.90916,14.614863,-41.488144,37.094826,-16.216862,-9.702745,26.927902,-21.803967,2.975374,8.497735
weld_487.wav,0.0021459532,0.0013634309,-588.7536,215.06837,-135.0949,46.720444,15.432204,-43.184387,38.757744,-17.362267,-10.492598,29.099571,-22.419281,3.034084,10.1320715
weld_488.wav,0.0021332721,0.0013024763,-592.15283,224.94052,-133.35268,47.44824,14.642577,-44.36949,38.74331,-17.266623,-10.722908,27.65398,-23.488901,2.487199,8.244713
weld_489.wav,0.0022275893,0.001427044,-584.4731,214.83406,-130.61963,45.322586,15.590582,-42.578857,38.142765,-15.145933,-10.8306675,27.336258,-21.329155,1.9054472,8.501937
weld_49.wav,0.0015347807,0.0011682211,-651.92816,198.76158,-116.73746,41.86686,12.828899,-32.91234,37.969215,-16.614504,-4.6963353,28.196484,-20.817768,8.169881,10.951594
weld_490.wav,0.0021433693,0.0013409427,-596.6017,226.9869,-138.02028,48.237915,16.695969,-44.84289,40.112747,-15.514892,-10.738174,28.128176,-22.223715,3.351368,8.33132
weld_491.wav,0.0022319949,0.0012481423,-582.61005,222.31944,-118.36595,46.08026,17.634491,-39.198437,37.53892,-12.623035,-8.552393,27.11197,-20.22299,1.7643725,7.9259195
weld_492.wav,0.0022364685,0.0012712515,-582.1263,219.58456,-119.74676,46.099785,16.549923,-39.817066,37.878807,-13.242051,-9.030619,26.959436,-20.850513,1.8422776,8.191372
weld_493.wav,0.002195654,0.0013259753,-590.6937,222.93918,-131.61336,49.43194,15.412239,-43.973347,39.366077,-17.060656,-11.046116,27.838903,-23.068628,2.8502276,8.6916685
weld_494.wav,0.0020441196,0.0013090809,-610.5638,229.9912,-142.5018,52.738445,16.28212,-46.020203,42.247135,-19.529999,-11.377678,31.159105,-24.322033,4.2637463,10.602185
weld_495.wav,0.0021191158,0.0013143547,-601.34564,228.11504,-139.08969,49.38221,16.414507,-44.430973,41.259663,-17.971304,-11.725567,29.512587,-23.695442,3.0310547,9.668301
weld_496.wav,0.0021926644,0.001369265,-598.10004,224.66942,-137.21422,50.781708,15.392708,-45.159546,40.921562,-18.567823,-11.923039,29.314352,-23.679867,3.5722003,10.1421795
weld_497.wav,0.0019772167,0.0012654979,-603.9825,227.42542,-140.30473,50.88771,16.518034,-45.62329,40.72744,-18.22116,-11.576228,29.307457,-23.704384,3.2125914,9.579534
weld_498.wav,0.00207576,0.0012327717,-597.34784,230.7503,-134.77782,46.44223,16.46466,-44.05641,37.328297,-17.392256,-10.288896,27.188526,-23.794762,2.8535414,8.489761
weld_499.wav,0.0019965854,0.0012647809,-594.65674,217.61984,-128.6309,43.68664,16.894455,-40.46934,36.40362,-15.737201,-10.107978,25.968298,-21.860779,2.6826744,8.360513
weld_5.wav,0.0016800016,0.0009553171,-574.9659,181.21663,-96.01234,35.586685,15.17603,-28.364168,29.783482,-13.673973,-6.479792,22.575432,-18.377842,3.458081,9.241258
weld_50.wav,0.0013666762,0.0011198448,-666.7757,199.66577,-118.277275,41.489174,14.022864,-33.278645,37.136173,-16.076923,-4.605241,27.985067,-20.299065,8.262372,10.81791
weld_500.wav,0.0020917242,0.0013228504,-598.38574,226.17203,-134.8062,44.980328,16.360355,-42.81205,37.471466,-17.235855,-10.310118,27.362993,-22.889938,3.2164116,9.151754
weld_501.wav,0.0020377012,0.00129737,-601.84924,224.3671,-132.57834,44.275673,16.06093,-40.634174,38.57235,-16.298607,-9.190534,26.746325,-22.952797,4.1511145,8.675334
weld_502.wav,0.0022290417,0.0013280596,-574.6566,208.57181,-120.79021,43.288357,14.620994,-40.039055,35.135704,-15.057046,-9.276786,24.854168,-22.585785,2.0770473,8.546308
weld_503.wav,0.0019721303,0.0011975941,-600.2954,225.63794,-134.38786,46.582325,16.217134,-42.463505,38.468067,-16.618319,-9.496249,26.083628,-23.875355,4.4134884,8.49398
weld_504.wav,0.0019511526,0.0011927767,-587.3714,203.91763,-122.87439,41.934647,16.508255,-38.061386,35.140785,-14.2564945,-8.963862,24.38067,-21.670586,3.226168,9.424493
weld_505.wav,0.0019457676,0.0012102833,-596.71246,214.4652,-127.84363,47.091785,17.043465,-39.41743,37.795704,-16.345024,-8.634137,26.278818,-22.915968,4.691736,9.329019
weld_506.wav,0.0021061578,0.0012941774,-584.5282,212.83713,-124.20669,43.517384,14.670945,-40.466164,35.722687,-16.454136,-10.323285,24.836859,-22.963278,2.14872,7.786152
weld_507.wav,0.0019998294,0.0011935435,-586.02936,209.16911,-123.05952,43.307423,16.17089,-38.93235,35.519196,-14.544165,-8.436307,25.085602,-21.490774,3.527014,8.194212
weld_508.wav,0.0021199114,0.0012810432,-587.7644,215.28235,-126.38826,44.398777,16.452776,-39.901993,36.430737,-14.799081,-8.619789,25.010338,-21.793114,4.3398447,7.737933
weld_509.wav,0.0021311997,0.0013933367,-591.48083,216.05234,-130.04718,46.461037,16.999702,-41.77747,37.606564,-14.21609,-8.641543,26.665432,-21.63819,3.8363564,8.758483
weld_51.wav,0.0011934489,0.00095017866,-672.2009,200.1718,-118.416664,38.040928,15.667747,-32.72504,34.727173,-14.533835,-4.4557257,26.385643,-19.296814,7.935289,10.223214
weld_510.wav,0.0018363005,0.001166508,-602.14874,219.01491,-129.13171,46.002598,17.026531,-39.125786,38.589943,-15.41713,-8.065954,27.014875,-21.173367,5.239534,8.147397
weld_511.wav,0.0018611009,0.0012077794,-596.70416,207.82666,-127.23247,42.91646,16.618114,-38.83575,36.39199,-14.760216,-8.425607,26.516273,-20.620514,3.9860125,8.829469
weld_512.wav,0.0020962292,0.001286129,-593.7434,220.59796,-137.92203,46.398914,15.44272,-42.819225,38.59113,-17.301174,-7.7849426,28.02594,-24.662157,4.605066,9.323992
weld_513.wav,0.0021266427,0.0013690144,-583.8271,206.82541,-126.783325,40.343903,15.045872,-38.742462,36.000008,-14.669339,-8.425709,26.334515,-20.218115,3.823607,8.333824
weld_514.wav,0.0021666554,0.0013806669,-565.7434,188.56577,-113.023994,36.105274,14.812583,-35.98053,30.147453,-12.448593,-7.4201713,22.419762,-19.240103,1.8956285,6.7921376
weld_515.wav,0.002091853,0.0013012767,-589.12946,217.41383,-132.56131,47.730606,16.808308,-42.25202,38.19656,-16.649813,-9.947863,27.247969,-23.27589,3.2390203,9.313373
weld_516.wav,0.0020724263,0.0013012313,-578.623,202.6001,-120.48328,39.083168,15.296553,-38.072285,32.57105,-14.31034,-8.878027,22.975214,-19.815609,3.6738884,6.873263
weld_517.wav,0.0021818758,0.0013978209,-594.2561,218.35643,-131.85098,44.06311,16.421818,-41.67782,36.047363,-15.561748,-8.763485,25.072626,-22.620998,4.8525486,8.459721
weld_518.wav,0.002174707,0.0014037372,-599.16364,228.18105,-140.09636,46.657757,16.602205,-44.61848,38.746075,-17.312033,-11.019892,26.978363,-24.144075,3.7356727,9.818642
weld_519.wav,0.0022163913,0.0013711926,-598.78375,233.09125,-140.06335,47.382915,15.476628,-45.297256,39.219765,-18.208132,-10.673671,27.562834,-24.80498,4.047993,9.763382
weld_52.wav,0.0013701197,0.0010790752,-662.6501,205.24733,-119.91489,39.997543,13.770625,-33.82355,36.807625,-15.956826,-4.4370823,27.469702,-20.791546,8.660221,10.873065
weld_520.wav,0.0021574462,0.0013710967,-565.1571,186.09918,-107.06173,32.76508,14.106255,-34.49352,28.389936,-11.9757595,-8.189429,21.609976,-17.15875,1.9450777,8.041755
weld_521.wav,0.002203104,0.0013048768,-574.5418,205.87054,-116.04567,36.287983,14.254932,-37.743465,31.275608,-13.786637,-8.810358,22.555689,-20.379026,1.7321634,7.330865
weld_522.wav,0.002205795,0.0013727932,-571.328,198.86469,-118.65803,39.678143,15.028994,-38.355152,33.480186,-13.827035,-9.551106,23.623653,-21.547857,2.105815,9.706688
weld_523.wav,0.0021063788,0.001385593,-568.43384,187.37161,-114.16659,38.066525,14.454163,-35.351936,33.240067,-13.615927,-8.708086,24.4402,-19.428116,2.5138683,9.97893
weld_524.wav,0.0021602109,0.0013751488,-584.3756,214.57204,-124.06592,43.731514,15.027057,-39.730793,36.59974,-15.413367,-8.825864,25.327934,-22.958616,3.7141328,9.185571
weld_525.wav,0.0021434352,0.0013618272,-551.05505,173.36641,-100.19067,32.246075,14.294281,-30.87536,28.005259,-11.262238,-6.8230863,20.916674,-17.754824,1.7482163,8.36698
weld_526.wav,0.0021603662,0.0014848628,-597.585,214.21544,-128.76259,44.259167,16.664068,-40.829514,37.16018,-14.675436,-9.626046,25.997393,-22.063992,4.2189136,10.610458
weld_527.wav,0.002182395,0.0014537598,-574.42535,195.94029,-115.03319,36.97446,14.947777,-35.718525,32.20696,-13.571784,-8.351052,22.653856,-21.377066,2.0462828,9.0070915
weld_528.wav,0.0021210718,0.0013996349,-590.2192,210.66745,-130.77415,42.84698,16.1001,-40.925167,36.958813,-14.859624,-9.848061,25.837315,-22.60702,3.087562,10.39635
weld_529.wav,0.0022265054,0.001326873,-582.8796,218.85362,-129.21718,42.08222,14.883334,-42.287266,36.75505,-14.540808,-9.699262,26.42473,-22.38681,2.7343984,10.246117
weld_53.wav,0.0013297151,0.001024248,-661.1018,202.39641,-118.45719,41.477783,15.040095,-32.92698,37.28125,-15.88838,-4.911456,27.904438,-20.750713,7.4935226,11.188953
weld_530.wav,0.0021553778,0.0012507668,-581.4609,216.87451,-126.05148,42.001312,13.779983,-41.359688,35.186504,-16.424597,-9.156924,24.933886,-24.191208,2.765539,8.888143
weld_531.wav,0.0022154574,0.0013137823,-576.4089,201.23354,-119.2637,41.978905,15.173526,-38.021374,34.22905,-15.109572,-8.376873,24.590412,-22.817127,2.8350413,10.1037245
weld_532.wav,0.0021851098,0.001445363,-581.2612,204.02974,-121.82376,41.17143,16.07053,-38.93447,34.972,-12.849799,-8.733485,24.62394,-21.298975,2.6583316,9.960141
weld_533.wav,0.0021242294,0.0012545519,-564.48315,176.37181,-86.40636,26.474285,11.662052,-22.702312,27.451075,-13.01883,-2.0311701,23.36226,-16.55192,5.6263747,10.875391
weld_534.wav,0.0016745188,0.0010209123,-613.3034,229.55103,-129.28775,46.554287,10.854485,-38.12275,43.10861,-21.670113,-7.3233953,31.40873,-26.207418,6.405423,11.72658
weld_535.wav,0.0024665059,0.0016354979,-599.04156,223.48436,-144.17708,51.400585,16.196953,-45.87649,42.75691,-17.477201,-11.008217,30.602383,-23.510525,4.320978,10.738441
weld_536.wav,0.0027001186,0.0018224854,-592.0613,223.38347,-141.4087,53.85384,18.267023,-46.600075,42.044613,-15.69781,-11.95073,28.470148,-23.572626,2.9205804,10.035559
weld_537.wav,0.0027149408,0.0017953897,-591.8113,224.66661,-137.37755,51.565796,13.699983,-45.957058,42.8396,-18.1836,-11.619305,30.14241,-24.981834,3.17027,10.799721
weld_538.wav,0.0026199657,0.0018097874,-561.5306,189.02007,-108.71881,39.257973,11.711456,-37.304653,32.264874,-14.884921,-9.737623,23.564829,-20.842274,1.2088542,8.824168
weld_539.wav,0.002640452,0.001752735,-589.0238,223.73921,-134.35074,50.9248,13.374963,-45.399635,42.048622,-17.25391,-10.586562,29.517601,-24.365408,3.9572568,11.177501
weld_54.wav,0.0013130393,0.0009706893,-670.51263,206.23831,-122.30894,43.65938,15.099281,-34.515976,38.183372,-16.582348,-4.9537926,28.312487,-21.507565,8.069362,10.759193
weld_540.wav,0.0026422795,0.0016860286,-564.2206,202.8396,-115.77047,43.75739,12.360789,-39.59695,36.585308,-14.522522,-9.443846,25.639252,-21.858042,2.388607,9.620681
weld_541.wav,0.0027679575,0.0017088172,-569.9247,216.89714,-140.37148,50.56581,14.598714,-45.129257,43.708355,-17.610128,-12.667354,30.938942,-23.356493,3.002157,12.656798
weld_542.wav,0.0026332515,0.0017227031,-561.5567,191.37946,-115.45597,40.65918,12.774644,-38.786945,34.77769,-14.468656,-10.847932,26.029688,-19.519588,1.143079,10.255815
weld_543.wav,0.0025402203,0.0015008958,-572.70325,216.89977,-128.24171,45.421646,16.825634,-40.211086,37.79394,-16.623798,-10.667612,27.536215,-22.065088,2.0508413,9.873586
weld_544.wav,0.002430975,0.0015852323,-585.6235,219.53322,-135.29694,47.051025,14.826772,-42.712627,40.461746,-17.879005,-10.930697,29.78766,-22.80432,2.2856321,10.086827
weld_545.wav,0.002703734,0.001641735,-546.12555,179.20119,-91.986565,35.565613,13.645929,-29.337029,30.183882,-12.218312,-7.258805,23.545671,-16.018278,1.6618452,9.101584
weld_546.wav,0.0024332958,0.0015467483,-560.5625,192.16386,-105.79433,37.70634,12.820297,-33.22556,33.026493,-14.774111,-8.333722,24.419937,-18.947292,2.7683501,8.77543
weld_547.wav,0.0025604905,0.0014797548,-579.4598,229.1176,-131.1798,46.68588,12.964744,-42.28237,40.853973,-18.311563,-9.473184,29.601492,-24.341198,3.7677891,10.347659
weld_548.wav,0.002574651,0.0015380294,-574.4934,219.22664,-130.18698,48.1497,12.504631,-41.226555,41.71112,-19.013605,-9.346918,30.590067,-23.583994,5.0158954,11.158337
weld_549.wav,0.0024969853,0.0016096131,-573.37823,211.0924,-120.8404,44.099213,15.250347,-38.12786,38.567875,-14.013087,-8.112948,29.062365,-19.771786,3.2428782,10.980632
weld_55.wav,0.0012723828,0.0009385362,-669.10266,202.29482,-120.32758,41.00351,14.495463,-33.39997,37.49933,-15.616918,-4.53512,27.596222,-20.973402,8.138709,10.917778
weld_550.wav,0.0025188662,0.0014768742,-571.5995,210.14047,-118.698746,44.752747,14.361971,-38.84109,37.54084,-15.733694,-10.197354,27.326626,-20.473143,2.907736,10.675361
weld_551.wav,0.002474084,0.001585776,-587.74115,224.5394,-136.08157,49.23039,14.553436,-42.814423,42.431755,-18.005285,-10.266261,30.409187,-22.885778,4.7604513,11.007497
weld_552.wav,0.0023957097,0.0014326451,-587.01874,232.34863,-137.6968,50.00382,13.223054,-43.705673,43.816753,-19.35324,-10.466316,30.638004,-25.442955,4.344736,11.152638
weld_553.wav,0.0026760623,0.0016089889,-577.86176,227.68965,-144.12305,50.59325,18.32642,-46.911324,41.259624,-15.977381,-12.588248,29.138983,-22.51262,3.0410926,10.1679125
weld_554.wav,0.0025280875,0.0016138906,-587.5903,228.59479,-140.30298,48.2495,17.831186,-45.924347,40.550816,-13.890403,-12.416484,26.227234,-21.484325,4.1502767,8.631642
weld_555.wav,0.0024358914,0.0015416712,-593.16785,231.1255,-139.63945,45.7091,18.51477,-46.306458,38.617607,-12.725795,-12.093467,26.10521,-20.316196,4.0956016,9.836218
weld_556.wav,0.002476211,0.0016044832,-582.20105,215.40338,-131.53976,45.880016,13.963567,-41.72971,38.387524,-18.268616,-9.221073,29.107933,-22.64662,4.008486,9.760445
weld_557.wav,0.0023159897,0.0014953996,-598.0661,231.7734,-142.80363,49.967224,13.740662,-45.289577,43.395283,-18.045961,-10.646925,28.509546,-23.977095,5.9006214,8.06245
weld_558.wav,0.002421131,0.0015324715,-592.10114,229.70793,-139.86198,50.664284,13.546625,-45.249172,43.060135,-18.497656,-11.080084,28.838835,-24.513914,4.908704,8.775916
weld_559.wav,0.0023595293,0.001530255,-597.6966,233.4885,-142.51218,48.192898,12.411615,-46.008404,42.85753,-17.971766,-10.413164,28.59569,-24.565609,5.180726,8.370098
weld_56.wav,0.002273721,0.0021849042,-598.02203,168.75597,-102.22747,41.721397,21.472105,-29.313917,32.902706,-7.3183007,-7.7541046,21.644733,-13.548201,4.530829,9.568232
weld_560.wav,0.0023446863,0.0015145992,-595.0466,228.34193,-139.15807,49.256157,15.234336,-44.424126,41.19052,-17.608847,-10.429254,28.412827,-23.536371,4.3127046,8.309815
weld_561.wav,0.0023747655,0.0015596305,-588.7053,219.18283,-136.29155,49.18965,13.899391,-43.697964,41.47122,-17.485691,-10.550585,28.344604,-23.173855,4.124977,8.296797
weld_562.wav,0.0024499698,0.0016370659,-594.7687,220.72559,-130.48299,49.31243,14.975477,-41.10707,40.976585,-16.1546,-8.186357,27.59711,-22.88653,5.799122,7.815132
weld_563.wav,0.0023816098,0.0015650614,-589.45184,219.95639,-130.8002,47.185898,14.07697,-41.522594,39.682945,-17.253222,-9.433122,27.086588,-22.976616,4.622247,7.265445
weld_564.wav,0.002454912,0.001575978,-593.07965,229.90303,-134.3266,52.189396,14.079419,-43.108532,43.1499,-19.065601,-10.304726,28.986143,-24.959734,4.8526025,8.036573
weld_565.wav,0.0023777036,0.0015942238,-599.92444,223.50291,-136.2854,51.3038,15.015165,-43.28489,42.401943,-17.685474,-10.014058,28.844378,-23.412975,5.711728,9.159581
weld_566.wav,0.0024225432,0.0015661209,-591.512,221.69054,-134.69139,49.086483,13.905573,-43.781216,40.229958,-18.88374,-10.923416,28.445553,-23.576223,4.0067096,8.318306
weld_567.wav,0.002494163,0.0015953426,-593.25745,230.18207,-138.38582,53.02684,13.308733,-45.458946,43.769394,-19.506453,-10.967715,30.427523,-24.862396,4.1408143,8.554451
weld_568.wav,0.002596907,0.0017631621,-598.1235,221.75401,-133.2046,51.24992,15.046134,-42.857204,40.807404,-19.100157,-10.698107,28.72157,-23.600086,4.7622175,9.4504385
weld_569.wav,0.002611764,0.0018704613,-624.53674,218.4471,-121.61235,43.043064,13.452514,-37.76891,36.242645,-18.967447,-8.471584,27.93265,-20.105942,5.558399,7.776326
weld_57.wav,0.0025471798,0.0023106185,-590.7114,172.74593,-108.44123,47.187057,21.191227,-31.343206,36.55714,-8.000219,-6.5433946,24.482054,-14.337374,5.732462,9.101003
weld_570.wav,0.0025687788,0.0018486009,-624.62463,213.10939,-120.241035,42.41886,14.330981,-37.375233,35.774982,-18.179676,-9.676351,27.686703,-18.872074,4.8348727,8.47487
weld_571.wav,0.002056848,0.0012074218,-556.3539,193.36327,-112.369545,50.015392,16.455637,-41.08452,35.988033,-10.583056,-9.290631,25.660803,-17.54148,3.5732205,8.801156
weld_572.wav,0.0018295791,0.0009172532,-575.0611,207.5219,-118.56725,53.251755,15.388463,-43.17229,38.418983,-13.359625,-9.83891,26.255188,-19.464226,5.6907234,8.67283
weld_573.wav,0.0018406423,0.00092422636,-559.2269,191.14473,-106.16969,46.195023,14.479611,-39.734707,33.59601,-10.461699,-8.9981,23.665007,-16.571394,3.9171877,7.4256883
weld_574.wav,0.001781321,0.0009506187,-568.83685,196.34778,-109.519226,49.19586,15.352082,-39.88701,36.000996,-10.821727,-8.59422,24.362713,-18.067694,4.7891655,7.96233
weld_575.wav,0.0017191408,0.0009724222,-570.03253,194.58524,-106.642525,47.89526,14.666803,-39.18453,34.399055,-10.856268,-7.5309834,23.409332,-18.160545,5.062488,6.952866
weld_576.wav,0.0017770064,0.0009884954,-568.7886,196.0081,-111.12346,49.442623,15.489649,-40.166504,35.93487,-11.447978,-8.958143,23.874884,-19.005836,4.8079796,7.801274
weld_577.wav,0.0017621215,0.0009797735,-573.0556,199.49352,-111.03836,50.886456,15.35766,-40.797462,36.210304,-11.919961,-8.898461,24.155464,-19.383688,4.5406156,7.1384597
weld_578.wav,0.0017582849,0.0008142041,-582.2275,214.9247,-125.331474,56.58735,16.665047,-45.136055,39.791515,-13.233155,-8.113659,26.936079,-21.638407,6.5561924,8.010668
weld_579.wav,0.0017430412,0.0009141748,-569.14667,199.05461,-109.71724,48.426834,15.234059,-40.174534,35.450954,-10.582764,-8.366748,23.151545,-19.389427,4.29078,7.4097886
weld_58.wav,0.0024527544,0.0023411796,-598.9278,174.83028,-107.63082,49.394222,22.271183,-31.843767,36.76851,-8.491961,-8.384989,22.736086,-15.99102,5.3261733,9.581689
weld_580.wav,0.0017149267,0.0008032649,-573.7755,205.78682,-115.28608,50.23611,15.584596,-41.464325,36.975864,-11.885501,-8.6001835,24.667519,-20.255573,4.4054594,7.840502
weld_581.wav,0.002268171,0.0013385676,-559.8407,194.93903,-120.221054,53.82954,15.101971,-42.00813,40.65373,-12.81892,-9.623363,26.699816,-21.536642,4.6055436,9.771567
weld_582.wav,0.0023223665,0.0012908851,-559.7234,194.76337,-119.05582,55.02708,13.2747555,-45.740807,39.519505,-12.57349,-10.084154,27.527456,-20.931911,3.8157134,10.028742
weld_583.wav,0.0023151627,0.0011966783,-567.85956,207.1343,-124.894325,60.371246,14.615878,-46.44298,44.023373,-13.165892,-9.933801,28.973057,-22.941088,4.76064,10.460137
weld_584.wav,0.002323245,0.0010733869,-570.41833,214.93759,-128.8654,61.162045,15.703157,-47.612923,43.710857,-14.412793,-10.886639,28.141476,-24.461035,4.2126045,9.406352
weld_585.wav,0.0021158087,0.0010824534,-560.871,196.96727,-112.99584,53.390503,15.270265,-42.840904,37.70252,-12.309297,-11.124884,24.335764,-21.323954,2.7277317,8.776193
weld_586.wav,0.0020581882,0.0010698545,-571.5346,202.62274,-120.22132,56.827724,15.267957,-44.205402,41.287678,-12.804161,-10.042946,27.654613,-21.06809,4.5752296,9.348776
weld_587.wav,0.0022125083,0.0010580756,-567.14795,209.43759,-118.72279,59.33611,17.220543,-43.00329,42.26035,-13.28049,-10.38399,26.953247,-22.99327,3.4768524,8.764115
weld_588.wav,0.0022553506,0.0012383276,-558.55164,195.59045,-113.99595,54.52971,14.64258,-42.866447,39.447655,-11.788055,-9.919697,26.409193,-20.374668,3.742779,9.420478
weld_589.wav,0.002151283,0.001017051,-575.83636,219.48338,-133.35449,61.28973,15.139674,-49.397846,44.4906,-14.4132,-10.86312,29.049692,-23.758287,5.4834237,9.712826
weld_59.wav,0.0022593543,0.0020985834,-583.48535,156.01642,-92.592865,39.865456,20.9497,-26.516663,31.302776,-5.221365,-6.1354947,21.262402,-11.38154,4.872656,9.864539
weld_590.wav,0.0022289872,0.0010878986,-546.1865,183.87398,-104.83797,50.022316,14.5100975,-39.269707,36.107067,-11.3018875,-10.171989,24.005507,-19.5689,1.9004849,7.8752236
weld_591.wav,0.0017837505,0.0014737194,-634.5254,193.74944,-115.17413,44.35576,11.710469,-37.01147,38.874275,-14.599699,-8.815048,27.557878,-18.349749,5.4117475,9.287689
weld_592.wav,0.0019665288,0.0016595798,-625.358,188.46274,-109.99239,43.21718,10.9266615,-35.509323,37.394455,-14.973341,-8.236677,26.809242,-18.761454,4.895405,9.268713
weld_593.wav,0.0018932355,0.0016364739,-627.9474,185.20425,-109.503456,42.107433,11.966506,-34.905396,36.58442,-13.895586,-8.306869,26.335487,-17.436749,5.0436077,9.130766
weld_594.wav,0.0020519912,0.0019325753,-618.16187,179.96352,-104.87739,40.976555,10.580608,-34.66468,35.61676,-13.330822,-8.536458,25.192072,-17.24548,4.61579,8.9797125
weld_595.wav,0.0019794714,0.0016833054,-611.43335,174.24463,-99.567085,40.065754,10.34015,-33.279926,34.415554,-12.125147,-7.3697257,24.384413,-16.664421,4.5341983,8.467142
weld_596.wav,0.0019035795,0.0016640344,-629.1686,187.48424,-111.44248,42.943634,11.556439,-35.89879,37.41939,-13.909668,-8.546017,26.03583,-18.228626,5.304874,8.994528
weld_597.wav,0.00196453,0.0016633464,-619.54614,181.6086,-105.71034,40.581734,10.689089,-34.438118,35.547573,-13.487121,-8.087322,25.129894,-17.633598,4.715105,8.496301
weld_598.wav,0.0019776982,0.0016963026,-627.25323,193.09198,-112.362785,43.807915,11.034119,-36.693867,38.274513,-14.277532,-8.41229,26.487041,-19.061316,5.428731,9.218461
weld_599.wav,0.0019329588,0.0017624025,-608.99945,168.53929,-99.44444,36.76525,8.934055,-32.894375,33.236168,-12.199997,-7.5935225,23.48591,-16.513441,4.515927,8.559434
weld_6.wav,0.0019458444,0.00092597853,-576.26166,221.82343,-132.04643,49.832256,17.043844,-39.88184,40.15104,-18.850433,-9.3836155,27.369738,-25.424006,4.8107624,8.833169
weld_60.wav,0.0025305292,0.0024903296,-595.8855,174.81516,-105.08729,46.167126,21.548489,-31.107042,35.248756,-7.5019484,-6.226671,24.402473,-14.249614,5.698143,10.5505495
weld_600.wav,0.0019642427,0.0016347133,-589.3346,146.05989,-80.30587,29.80214,8.14447,-26.107727,28.04453,-9.755308,-6.1845355,20.56149,-12.617544,3.470172,6.9499807
weld_601.wav,0.001934565,0.001604539,-600.4247,158.35704,-90.826164,34.01216,9.2478075,-29.522291,30.851004,-11.212954,-7.3782725,21.563154,-15.09839,3.7354445,7.2630115
weld_602.wav,0.0014201371,0.0010347209,-633.44006,193.86194,-95.49014,33.6471,21.071236,-23.651829,26.448517,-13.299102,-3.990932,20.875753,-14.422199,7.2026434,6.8023877
weld_603.wav,0.0017094441,0.0011621708,-640.67053,207.00421,-118.860504,45.081352,22.188301,-33.95148,33.879375,-14.515855,-7.796568,25.09421,-17.838398,5.7444096,9.273533
weld_604.wav,0.0017962472,0.0012410498,-618.4479,184.53964,-100.73274,37.90164,24.32741,-27.610138,27.830315,-9.711061,-6.3788548,22.429976,-12.765691,3.544633,8.51673
weld_605.wav,0.0016854054,0.0011653604,-630.0982,188.23938,-106.508995,40.00665,22.213968,-30.183914,29.572773,-12.087505,-7.5121307,22.664341,-14.663107,4.7501163,8.683131
weld_606.wav,0.0017800474,0.0012432134,-622.45715,200.35063,-114.724625,43.011436,25.75639,-32.391758,31.02875,-10.5805,-6.4001937,24.218292,-15.053421,5.349576,8.988742
weld_607.wav,0.0017906207,0.0012493808,-630.8688,197.95865,-110.909485,42.826134,22.625425,-31.697184,32.35166,-12.117824,-7.2064867,24.67679,-15.840498,4.8802233,10.077114
weld_608.wav,0.0017709906,0.0012206348,-633.8716,203.4098,-113.15087,42.70577,24.475666,-31.561401,31.428349,-11.751578,-6.300526,23.76094,-15.9372015,6.06077,9.169624
weld_609.wav,0.0018655149,0.0013769398,-625.22327,195.72093,-103.96217,43.268124,23.329512,-29.19478,32.02562,-10.74986,-5.3641253,24.173954,-15.8348,5.2186317,10.347796
weld_61.wav,0.0023989475,0.0022498618,-595.5458,170.63313,-94.37734,40.514534,21.9742,-27.221022,31.597193,-5.713857,-5.5717154,22.31411,-12.067262,4.633172,9.7240505
weld_610.wav,0.0018413179,0.0012947831,-621.52094,197.13112,-105.33864,41.586506,25.655762,-30.13158,30.188698,-8.511809,-6.153006,23.383331,-13.207935,4.0630693,8.631469
weld_611.wav,0.0017865432,0.0013003908,-622.0661,193.1391,-103.72848,42.39441,24.707405,-29.801254,30.901466,-9.253746,-6.2663884,24.267866,-13.695879,3.8077924,9.443701
weld_612.wav,0.0016238387,0.0011102075,-620.99005,182.26494,-94.722565,36.191463,24.437824,-26.92723,26.51085,-8.024377,-6.048274,22.669495,-12.489266,1.3812796,10.377558
weld_613.wav,0.0017415803,0.0012651755,-624.0455,193.11952,-105.00127,40.93144,23.58084,-30.156849,29.415483,-10.702943,-5.117049,24.010376,-16.031137,4.25176,10.274956
weld_614.wav,0.0015872595,0.0011566165,-627.33405,187.66591,-94.93217,38.43393,24.770826,-26.645546,28.168192,-7.725612,-4.9859776,22.67069,-13.14597,2.828488,9.544227
weld_615.wav,0.0017350608,0.001212454,-624.8114,193.21713,-107.21234,43.54858,22.052235,-30.827808,31.757038,-12.66239,-5.043002,25.701948,-18.509455,4.400406,11.753412
weld_616.wav,0.0017666369,0.0012684279,-613.38153,177.17213,-89.96958,39.52126,21.311821,-24.40222,29.0826,-11.287925,-3.7917902,24.078362,-15.964271,3.9807796,11.219499
weld_617.wav,0.0016199873,0.0010869295,-632.11285,199.45305,-111.586525,43.131187,25.890306,-32.169945,30.814072,-10.453611,-6.5745306,24.3838,-17.097425,3.6120944,11.327646
weld_618.wav,0.001624452,0.0011095409,-634.88086,196.77505,-107.838234,40.90124,21.616205,-32.048393,31.220186,-11.243869,-5.802231,25.455572,-17.491152,3.3297284,11.644576
weld_619.wav,0.0014401083,0.0009978467,-641.0227,191.14363,-104.56027,39.35244,19.649548,-31.077358,30.481638,-12.173831,-6.151975,24.805367,-17.142412,2.954581,10.760678
weld_62.wav,0.002430501,0.0023945773,-584.2634,167.59694,-102.22621,45.814163,21.706936,-30.417679,33.953075,-7.773461,-7.2853785,22.613102,-14.987849,4.63502,10.436408
weld_620.wav,0.001574438,0.0010852193,-636.2402,200.12665,-114.01519,43.514797,21.966404,-34.12609,32.642548,-11.033728,-5.921944,25.039154,-17.31531,4.8591332,9.852294
weld_621.wav,0.0013721206,0.00090505264,-648.0267,200.97295,-113.53598,42.43414,22.26927,-34.540806,31.556492,-11.477889,-6.8192396,25.085497,-17.847546,3.2865622,10.005913
weld_622.wav,0.0020434973,0.0016962582,-570.0936,170.45242,-95.796104,42.903194,18.574757,-30.327158,31.861576,-9.472166,-7.4248652,21.862125,-16.100773,4.1271367,9.451748
weld_623.wav,0.0020159462,0.0015056869,-596.87836,204.2548,-119.55401,54.78092,19.247524,-37.950123,40.666405,-14.044439,-9.049179,26.052616,-21.503838,6.5787945,10.218249
weld_624.wav,0.0026045716,0.0025185056,-536.9506,154.01312,-73.157745,34.897995,18.701265,-24.8458,25.24939,-4.530299,-6.297298,18.432484,-10.864762,2.12523,9.061377
weld_625.wav,0.0024594755,0.0024669804,-581.8672,184.73776,-102.034424,50.88832,18.504473,-33.719376,36.24666,-11.366124,-7.5238857,24.871508,-17.636131,5.6804748,11.470066
weld_626.wav,0.0026516435,0.0024816387,-559.36255,183.28918,-94.18754,46.745396,19.252298,-30.31279,34.256668,-9.571538,-7.065088,22.35407,-18.159792,2.7237782,9.033854
weld_627.wav,0.001787114,0.002058867,-588.95764,176.26321,-93.82347,46.508995,20.957699,-28.866377,33.750187,-8.642554,-6.592199,22.322792,-16.992714,3.336923,9.484671
weld_628.wav,0.0022844293,0.0025765873,-564.3467,155.80731,-85.59004,42.418148,18.109224,-27.370735,30.140646,-8.411227,-6.565672,20.556416,-15.242692,3.1370912,9.491457
weld_629.wav,0.0024776952,0.0024865088,-554.12445,162.52519,-86.31682,44.34646,18.322363,-28.17107,30.798815,-9.631578,-7.476445,20.449368,-16.503304,2.9200928,9.320047
weld_63.wav,0.0024433655,0.0023124493,-578.818,165.35855,-98.43036,42.857994,21.812744,-29.328043,31.623224,-7.2903333,-7.567137,21.156065,-13.547746,5.021533,10.515561
weld_630.wav,0.002328424,0.0022617758,-568.75287,182.75711,-93.02054,47.03354,19.244572,-30.854256,33.061394,-10.764247,-8.457933,21.610304,-17.905605,3.2641525,9.7155075
weld_631.wav,0.002341351,0.002541715,-568.66187,166.14668,-87.96627,44.67624,17.889978,-29.315582,31.651339,-9.180365,-7.135605,21.982502,-15.414431,3.777447,10.387599
weld_632.wav,0.0020426789,0.0022697626,-588.91077,178.27779,-99.769424,47.692173,19.875536,-31.445894,34.819817,-9.723202,-7.241124,23.837738,-16.556892,4.5979924,10.669274
weld_633.wav,0.0020676926,0.0022629374,-586.4765,171.3385,-92.20639,49.41089,20.787144,-28.865944,34.387703,-9.617142,-6.7721887,23.73378,-15.9183,4.4881115,10.561558
weld_634.wav,0.002734337,0.0026278356,-555.57623,171.36061,-91.66121,46.86861,18.890882,-29.577105,33.26962,-9.478782,-6.5606165,22.712036,-16.466434,4.3466415,10.409584
weld_635.wav,0.002226727,0.0025141533,-581.7625,164.67586,-87.121704,46.527378,18.843689,-28.437355,32.95476,-8.362313,-6.652891,22.27115,-15.146442,4.68576,11.158091
weld_636.wav,0.0037096736,0.012287074,-468.35294,55.961254,-9.022237,15.191998,9.771174,-2.81357,8.502181,-0.35485426,-0.17947844,6.360748,-3.4481328,0.45824403,3.913714
weld_637.wav,0.0023300692,0.0025476087,-581.3117,171.67159,-90.05848,47.64947,19.234224,-29.445269,33.73226,-8.571465,-6.73007,21.923292,-16.43602,4.817535,10.770497
weld_638.wav,0.0022314335,0.0024411846,-580.8412,173.43715,-88.4046,48.540356,20.722725,-29.048243,32.22255,-9.354178,-6.6437845,21.669844,-16.388468,5.307862,11.061217
weld_639.wav,0.0024106053,0.0025622563,-572.93854,164.76512,-89.36428,47.07142,18.705334,-29.386192,32.719135,-9.041891,-6.9026184,21.756275,-16.561668,4.106473,10.965147
weld_64.wav,0.0024523472,0.0021629657,-580.29346,174.40282,-105.69858,44.75399,21.845835,-32.661743,31.37849,-9.921259,-8.534987,21.757797,-15.895012,4.995666,11.704135
weld_640.wav,0.0024633682,0.002733439,-568.04224,163.1826,-88.77594,46.5758,19.878319,-28.419033,31.641554,-9.048968,-6.410999,21.655386,-16.155289,4.052768,10.540425
weld_641.wav,0.002741506,0.0025672498,-563.02856,177.65016,-96.11521,47.500458,20.021984,-31.42869,32.974533,-9.997271,-7.6566973,22.431568,-17.04584,4.1344976,10.571742
weld_642.wav,0.0025813228,0.0026376822,-570.589,174.18156,-94.02892,49.66011,21.15462,-30.460793,33.520466,-9.340305,-6.622135,23.24893,-16.76441,4.19809,10.651305
weld_643.wav,0.0026577413,0.002404542,-594.82556,175.63223,-117.20755,45.22136,18.913473,-35.177406,35.11176,-11.517718,-8.069088,24.550922,-17.677866,5.4053664,10.615201
weld_644.wav,0.0024979473,0.0023098157,-597.5606,167.54541,-103.31087,40.01153,19.239262,-30.090668,31.636398,-9.563634,-7.152526,22.523098,-15.113199,4.389942,9.73027
weld_645.wav,0.0031550052,0.012091073,-482.46878,40.979214,-21.497026,3.7432184,8.955434,-4.5868707,3.368573,1.319422,-0.17824952,4.7162085,-0.5223738,0.116616786,2.8302562
weld_646.wav,0.0032533421,0.012754666,-478.37082,46.858414,-19.648983,1.6962001,9.125783,-2.9585102,2.9378932,1.607258,1.1779289,4.5892525,-0.512197,0.8841422,2.5717983
weld_647.wav,0.0020825122,0.0019245759,-601.15686,174.31375,-102.96377,34.04109,20.957085,-30.581646,25.889713,-8.648367,-6.227315,20.481768,-14.395088,4.420134,9.697094
weld_648.wav,0.0019588994,0.0018559007,-617.4734,167.00342,-94.095474,34.833267,19.200117,-28.307016,28.12357,-6.5092025,-5.5509014,21.00887,-12.975153,3.9100199,9.542959
weld_649.wav,0.002098691,0.0019389259,-614.6406,180.68646,-108.4072,39.118217,21.918411,-33.13582,28.025208,-9.656967,-6.7887692,22.031012,-15.522611,4.3779035,9.822542
weld_65.wav,0.0024733264,0.0022693316,-583.5022,162.29904,-101.37464,43.76849,22.649729,-29.601517,31.600166,-6.750502,-5.107383,23.323805,-13.738916,5.055039,10.911096
weld_650.wav,0.0020179711,0.0018954393,-613.2416,173.40213,-96.80267,33.40507,22.693872,-28.068295,25.44311,-6.2373514,-5.163098,19.993711,-12.81063,4.0045595,9.3323555
weld_651.wav,0.0021286416,0.002063918,-598.873,162.53378,-75.461426,28.75828,21.34992,-21.083982,23.131166,-3.7134728,-3.8311021,17.506535,-9.713808,4.029623,8.415823
weld_652.wav,0.0020946325,0.0019461653,-605.9642,173.12245,-94.58267,32.21525,20.458975,-27.605204,26.265028,-6.9118853,-5.72263,20.284508,-12.839702,3.2991412,8.661149
weld_653.wav,0.0021338654,0.00200613,-602.9258,160.89221,-88.86312,28.491312,19.16025,-26.082064,22.96685,-6.76276,-5.227852,18.795364,-11.901325,3.4130836,8.789775
weld_654.wav,0.0019759845,0.0019444319,-617.7989,174.27676,-97.65773,32.937862,22.365883,-28.651022,24.968702,-7.0994577,-5.957808,20.333736,-12.260972,3.8507085,9.428747
weld_655.wav,0.0031827732,0.0125242155,-484.74622,41.772495,-22.030212,5.290516,8.823823,-5.0271034,4.5444336,1.3711631,-0.02003183,5.616732,-0.48367903,0.7783211,3.6219034
weld_656.wav,0.0021128964,0.0019433455,-608.8611,175.85411,-100.779015,34.73822,23.519814,-27.986937,27.024294,-6.40023,-4.3134522,21.561937,-12.952481,4.623626,9.892615
weld_657.wav,0.0021418615,0.00198831,-614.6472,175.7343,-94.49225,31.371656,20.14484,-27.221678,25.572039,-7.232816,-4.4779153,20.044498,-13.231108,4.767084,9.091795
weld_658.wav,0.002211064,0.003395297,-534.81995,79.285225,-37.179836,11.002578,13.605576,-8.348079,10.1638565,0.7312815,-0.57539225,9.297598,-2.684614,1.6200404,4.61231
weld_659.wav,0.0021117302,0.0019524405,-629.05835,184.5596,-98.9266,32.072575,19.671133,-27.736767,27.659595,-9.2483835,-5.632806,21.481936,-14.168095,4.070142,8.83643
weld_66.wav,0.0017771346,0.0013180125,-617.8087,185.78773,-107.277824,45.060177,22.399902,-31.646896,35.06293,-7.502232,-6.7778535,23.86465,-14.720753,5.091576,10.480799
weld_660.wav,0.0019363922,0.001967705,-631.7117,166.73906,-83.51253,28.482811,18.47695,-23.642471,24.62377,-5.9429026,-3.660979,18.6651,-12.592328,4.041422,9.027509
weld_661.wav,0.0021100144,0.0019763636,-613.9757,161.05269,-80.86095,26.31997,18.230484,-22.502281,23.002636,-5.7681603,-3.748577,17.693445,-11.482529,4.024899,8.207902
weld_662.wav,0.002407734,0.0019609844,-552.956,175.50319,-94.59563,37.54858,22.093843,-30.462576,26.708454,-6.4911637,-7.6518335,18.975964,-14.379771,2.4932525,9.621521
weld_663.wav,0.0017951563,0.0024947391,-612.45105,134.6788,-80.901344,32.539986,21.952967,-23.21151,23.024393,-2.6593757,-2.5165136,19.98317,-9.558166,2.729794,9.917985
weld_664.wav,0.0017245081,0.0025530942,-623.57745,130.07512,-71.31633,29.361835,22.223095,-19.347013,19.924706,-3.0314014,-2.1306262,18.431036,-8.130343,2.4506328,9.087566
weld_665.wav,0.002125443,0.0024037617,-586.77167,125.678535,-70.74574,29.56631,23.684418,-18.111511,20.363558,-2.2933285,-3.0052302,18.217995,-6.7651997,2.7768862,9.857616
weld_666.wav,0.0014529347,0.0018913901,-629.50464,155.76389,-99.31261,36.086067,22.112339,-30.272049,25.576002,-5.2982464,-4.123468,22.301863,-12.51693,2.86722,10.188949
weld_667.wav,0.001990257,0.0028301857,-622.5587,138.38957,-72.962456,34.677612,23.252562,-20.541046,23.190737,-3.9965272,-4.1702304,19.625463,-7.988326,3.3953717,10.208372
weld_668.wav,0.0019562892,0.002092595,-604.3991,145.89465,-83.71095,35.664585,23.217886,-23.71018,25.982801,-3.933584,-4.6067953,22.011097,-8.530769,3.7144096,11.899052
weld_669.wav,0.0016209289,0.002292,-620.1033,132.63918,-75.857124,29.104261,22.48654,-19.507624,20.00881,-2.846504,-0.41773304,17.172457,-10.358774,3.6977787,8.765846
weld_67.wav,0.0017760979,0.0012842574,-596.12585,172.71323,-100.85,42.72766,21.85073,-30.382214,30.962133,-8.644033,-7.40706,21.738976,-14.966738,4.20147,10.657031
weld_670.wav,0.0014918295,0.0022925339,-638.2482,136.08345,-70.42731,32.902008,21.7843,-21.138998,21.16444,-4.274503,-3.7313387,18.602497,-9.472039,2.4027328,10.049569
weld_671.wav,0.0017704518,0.0023337088,-622.7642,139.52171,-80.668365,33.401943,23.091188,-21.965693,22.908312,-4.5466743,-3.2984767,19.929909,-9.323418,3.58113,10.317728
weld_672.wav,0.0019340813,0.0026834297,-626.26276,143.14355,-78.75084,37.277737,23.994019,-21.987661,25.596914,-4.0527782,-4.041381,21.391163,-8.6592,3.9246862,10.905131
weld_673.wav,0.0030100164,0.01334976,-502.83295,26.760256,-13.263536,7.196118,9.246942,-1.7721063,3.9634976,2.2618382,2.1959307,6.113981,0.2729163,0.7562097,4.3717556
weld_674.wav,0.001572381,0.0022709174,-633.6343,145.46442,-81.86281,32.07058,21.463755,-23.155579,22.500847,-4.709015,-1.6498221,20.460646,-10.739098,3.637529,9.839262
weld_675.wav,0.0016485979,0.0025035264,-630.1129,131.3564,-69.29364,31.625448,21.021147,-20.414288,21.791683,-2.850448,-2.6610353,19.77039,-8.225325,2.0095963,9.772229
weld_676.wav,0.0016019887,0.0023762996,-635.50006,142.95395,-76.46836,34.705128,22.181446,-22.994873,23.222332,-4.8232803,-4.146569,20.71073,-10.098628,1.9663671,10.768635
weld_677.wav,0.0019984099,0.0022267366,-614.7982,154.77368,-92.5607,38.719337,25.754387,-24.71082,26.368057,-5.1603403,-2.3185341,22.39729,-12.304004,3.5910897,10.6381035
weld_678.wav,0.002157376,0.0029180485,-605.28406,133.38478,-76.51856,33.290726,23.94732,-20.880688,21.818144,-3.0534396,-1.5014931,20.701626,-9.264264,2.0096405,10.110644
weld_679.wav,0.0020224245,0.0028951322,-614.8653,134.79659,-74.39202,33.120743,23.999342,-20.193811,22.53318,-1.8146738,-1.6863029,19.426653,-9.43651,2.0724359,10.085979
weld_68.wav,0.0019722022,0.0015115235,-601.46313,181.26944,-108.8254,46.27853,22.408245,-31.948275,35.460064,-7.7557297,-5.9822693,24.814455,-15.699507,5.134436,11.119861
weld_680.wav,0.0026455193,0.0017660985,-554.6772,188.22476,-111.194954,53.72025,19.33315,-36.18361,37.807877,-12.686266,-7.737369,26.12859,-19.551113,5.6270914,10.8495865
weld_681.wav,0.0026420786,0.001857349,-563.60315,187.40195,-111.4304,57.83176,20.609169,-35.74892,40.28274,-11.634353,-7.0202856,26.340168,-20.293959,6.3875403,11.481673
weld_682.wav,0.0029761165,0.001999919,-546.1602,186.22453,-113.63596,56.184357,20.534899,-35.378304,41.027706,-10.315735,-6.2046933,26.761307,-20.592339,4.4747972,9.855299
weld_683.wav,0.00247889,0.0017757405,-555.26013,174.90363,-104.61205,52.730267,21.00828,-33.005165,37.186184,-9.3640375,-6.41312,25.233433,-17.708202,5.7963862,11.927048
weld_684.wav,0.004137564,0.0019372253,-512.11334,181.04842,-80.84956,58.748543,24.943325,-24.777363,38.87943,-7.8299747,-5.142479,24.431015,-17.241045,4.0952916,9.871034
weld_685.wav,0.002747034,0.0018223197,-551.26953,190.81041,-117.91507,59.850662,20.488535,-38.522434,40.451794,-14.009876,-8.615479,26.979214,-21.281128,6.1232677,11.346943
weld_686.wav,0.0025843484,0.0019114704,-564.86884,184.2695,-111.70646,57.659348,21.643744,-34.88528,40.327118,-11.385781,-7.318707,26.437757,-19.659653,6.4368925,11.976418
weld_687.wav,0.0027171886,0.0017224881,-550.2395,185.99792,-109.46857,56.998177,20.410852,-35.425728,39.102863,-12.654246,-8.279373,25.53338,-20.235432,5.5400114,10.98395
weld_688.wav,0.0024747406,0.0016487781,-566.84906,191.62708,-118.907486,58.122135,21.693724,-36.526848,41.178886,-12.602183,-7.2689342,27.291903,-20.838375,6.6839347,11.91329
weld_689.wav,0.0026879676,0.0020228154,-556.2734,175.8561,-103.891,54.14787,19.283886,-32.318607,38.626213,-11.4337225,-6.49528,25.459635,-19.321714,5.506409,10.9215355
weld_69.wav,0.0022012338,0.0017191087,-601.123,189.60936,-112.56501,48.667747,24.01365,-33.473568,36.34152,-8.436469,-7.270356,25.174791,-16.19591,5.4159417,11.966689
weld_690.wav,0.002620864,0.002067142,-562.4271,173.58246,-104.420746,56.17355,18.831924,-32.761875,39.72741,-11.656829,-6.37601,25.83702,-19.820223,5.922955,11.366916
weld_691.wav,0.0026511694,0.0018117144,-556.39667,187.82416,-116.85704,56.095486,19.56798,-36.527927,40.821346,-12.265309,-7.454082,26.429235,-20.620514,6.177344,10.730031
weld_692.wav,0.0024758526,0.0016173383,-567.0227,192.05469,-118.234924,58.132557,20.727863,-37.44729,40.918148,-12.732045,-7.5195565,27.030325,-21.128557,6.4776773,11.603608
weld_693.wav,0.0024678903,0.0016529287,-564.9916,183.25937,-113.871735,56.697823,20.67988,-35.27095,40.562176,-11.350308,-6.652427,26.87329,-20.07189,6.0390487,11.360158
weld_694.wav,0.002466202,0.0017051548,-565.36395,188.4286,-113.79931,55.787006,20.07791,-36.241825,39.496933,-12.136165,-7.2150884,26.167906,-20.719555,5.8547482,11.106963
weld_695.wav,0.0024672693,0.0017564755,-545.94244,164.53519,-93.23208,49.837425,19.563276,-30.146704,33.991325,-9.467804,-6.6386967,22.225143,-18.031893,3.821054,10.087752
weld_696.wav,0.0027056772,0.0019297939,-555.8034,186.55269,-108.1329,56.775005,19.617863,-34.894646,39.775803,-12.21914,-7.1466074,26.237818,-20.570772,5.49285,11.633076
weld_697.wav,0.0026606559,0.0017849046,-560.95557,194.04652,-113.23126,59.39898,20.105993,-37.318726,40.75068,-13.325165,-8.438315,26.109638,-22.066305,5.1217484,11.036982
weld_698.wav,0.00245819,0.0016446259,-566.1941,195.86142,-116.99823,57.833675,20.175417,-37.33372,41.09207,-13.159133,-7.8204107,26.697956,-22.11544,5.7363343,11.5505705
weld_699.wav,0.0028711036,0.0020090824,-538.4253,175.88893,-98.189125,53.675648,20.045937,-31.96003,36.4087,-10.9238,-7.008366,24.124945,-18.70053,4.919529,10.932589
weld_7.wav,0.0022295937,0.001968092,-585.9408,178.53217,-107.201004,46.247093,20.973003,-30.403023,35.33202,-9.608078,-4.768689,24.64424,-17.232449,6.1212764,11.988274
weld_70.wav,0.002009648,0.0012808793,-606.9521,220.84692,-130.43915,43.204163,14.317431,-38.85761,38.43336,-18.605072,-9.496562,25.874823,-24.379692,4.682731,8.15336
weld_700.wav,0.0027474123,0.002772336,-557.5198,142.64424,-82.990776,49.091225,17.621014,-26.976137,33.430138,-7.5501904,-5.11725,22.109829,-14.461505,5.5315995,10.310634
weld_701.wav,0.0023945472,0.0022536828,-595.6016,168.53914,-100.37431,52.851345,18.921976,-31.676487,37.836346,-9.240548,-5.2562237,25.741693,-16.777391,6.033446,10.857702
weld_702.wav,0.0028663077,0.0027478992,-538.2705,131.19429,-74.55417,45.465942,18.794844,-24.240633,29.605417,-5.8065495,-4.866319,19.83096,-13.428206,3.1376169,8.980404
weld_703.wav,0.0029147214,0.0026053006,-563.0566,164.08992,-100.355965,55.86989,19.72471,-32.04345,38.189198,-9.896429,-6.072462,25.076395,-18.245705,5.7696166,11.598594
weld_704.wav,0.0027421645,0.0022534074,-566.84534,189.56741,-106.416695,59.54919,20.370892,-35.13699,40.82613,-11.338407,-7.0103955,25.59483,-21.414442,5.093262,10.4086075
weld_705.wav,0.002896116,0.0022815662,-557.88245,180.30807,-100.6196,57.134716,18.860962,-33.85499,38.36303,-11.989151,-7.155716,24.404829,-20.937065,4.6133666,9.980872
weld_706.wav,0.0030155561,0.0024866723,-552.5146,180.23502,-98.09478,58.028793,20.213093,-32.51754,38.890156,-10.866336,-6.8565445,23.93139,-21.213943,3.786943,9.790507
weld_707.wav,0.003579512,0.0024914693,-535.53827,191.55147,-101.45169,60.202747,22.257639,-31.947447,41.312057,-11.42983,-7.3260045,24.995504,-21.470848,4.4769254,9.911695
weld_708.wav,0.0042818678,0.0022771016,-513.5438,195.98895,-88.20662,58.647346,21.069094,-28.702614,41.908497,-8.604719,-5.2629423,25.967478,-18.350115,5.222108,10.015534
weld_709.wav,0.0042243297,0.0028782173,-516.16516,179.74452,-78.771614,55.679825,22.921804,-25.494576,37.391033,-6.9774055,-5.1563478,22.6305,-17.919634,3.138456,9.51047
weld_71.wav,0.001933507,0.0012379176,-609.4079,212.32893,-124.76793,41.617752,12.779354,-37.267727,38.065994,-17.706821,-8.950279,25.914951,-22.42397,5.6399016,8.839162
weld_710.wav,0.0038798556,0.0025246365,-532.7946,174.65427,-84.66512,56.80324,22.233358,-26.831076,38.07897,-8.35834,-4.814154,24.820826,-17.57215,3.7019289,9.94564
weld_711.wav,0.0030221138,0.002404723,-547.65137,180.39691,-102.210144,54.795963,18.697155,-31.981033,41.33298,-9.24707,-5.8470325,25.66688,-20.109564,4.277969,10.470629
weld_712.wav,0.0028888944,0.0023477217,-553.49115,177.50122,-105.6481,55.597706,19.500463,-34.182106,38.54029,-11.1322365,-6.7712307,25.273014,-19.982367,4.72289,10.250358
weld_713.wav,0.002803598,0.0025007122,-552.4588,159.86888,-94.20912,53.697815,18.298283,-31.123707,36.439915,-9.622309,-6.0983624,23.696358,-18.147186,4.7779093,10.656223
weld_714.wav,0.0028173544,0.002425334,-562.7632,178.0892,-109.710815,57.508625,18.085503,-36.12331,40.201485,-11.951372,-6.9181046,26.300098,-20.832584,5.4043765,11.176574
weld_715.wav,0.0027854883,0.0024485842,-567.97595,169.82556,-102.32222,58.52691,20.287846,-32.342613,40.236835,-10.077849,-5.949263,25.587036,-19.368486,5.9319644,11.417781
weld_716.wav,0.0029906542,0.0025386508,-558.5515,177.50952,-103.75881,58.970074,19.973772,-34.063152,39.31605,-11.876075,-6.775565,25.695007,-20.535341,4.881976,10.386435
weld_717.wav,0.0028507018,0.0025204173,-558.4157,172.78494,-104.68158,57.054264,19.51114,-33.865627,39.386456,-10.365122,-6.215938,25.551012,-19.514465,5.5362186,10.841227
weld_718.wav,0.0031541158,0.002684897,-552.2176,177.29596,-104.86843,59.292416,19.836168,-34.1823,40.827263,-11.021515,-7.1442456,25.750776,-20.71707,4.4485826,10.68693
weld_719.wav,0.0029817233,0.0028632153,-553.4902,171.26411,-99.831955,56.607754,18.291328,-32.9722,38.78618,-11.28098,-6.7793584,24.701138,-20.374676,4.4686823,10.505679
weld_72.wav,0.0018107401,0.0018708799,-589.5388,191.32971,-96.36095,39.75036,16.973385,-29.34619,31.348206,-13.304448,-6.4452753,23.781807,-17.735544,4.1343303,9.386366
weld_720.wav,0.0027636876,0.0015831172,-553.8803,201.41359,-133.543,57.832058,18.23742,-39.68241,46.065712,-14.48238,-7.701857,29.321388,-23.43343,7.623305,12.082711
weld_721.wav,0.0029423505,0.0018192736,-543.8385,188.69398,-117.700325,59.188553,20.961672,-35.684734,42.11626,-13.083053,-6.9824834,27.307365,-20.878517,7.6585956,11.483987
weld_722.wav,0.0027261826,0.0017169336,-566.315,200.05559,-128.55122,61.74017,19.472542,-40.267796,45.0193,-14.354972,-7.569388,29.315228,-23.080378,7.3697915,12.110821
weld_723.wav,0.0027057368,0.0018555388,-540.6529,164.79533,-103.978004,51.935574,17.798454,-31.887775,37.624416,-11.490852,-6.1890416,25.17793,-18.56732,6.178869,11.369983
weld_724.wav,0.0030695572,0.0019062558,-552.9929,202.26375,-124.15389,64.12461,20.494387,-39.424694,44.41338,-15.265393,-7.5494742,28.899466,-23.72884,7.2008457,11.383352
weld_725.wav,0.0030270852,0.0017953729,-538.26483,190.32693,-113.64332,58.853085,20.19878,-35.976162,41.388172,-12.932035,-7.3248205,27.138556,-21.28908,5.298114,10.421086
weld_726.wav,0.0028177127,0.0017809725,-559.699,199.77333,-127.0989,62.1209,18.589542,-40.02975,45.548668,-14.691003,-7.6626034,29.153408,-23.615347,7.174891,11.957749
weld_727.wav,0.003025971,0.0016825164,-546.26416,202.64917,-122.094284,61.92393,20.396385,-38.801495,43.792057,-14.247208,-7.6168647,28.645115,-22.715422,6.476122,11.003879
weld_728.wav,0.0031013102,0.001832914,-545.26605,202.29211,-124.47344,60.188812,18.79788,-38.44075,44.958393,-14.871915,-8.038865,28.376135,-23.320734,7.157765,11.573222
weld_729.wav,0.0027156794,0.0017424528,-543.05084,171.42485,-107.24684,55.46181,20.2386,-32.38662,39.175503,-11.541438,-6.181858,26.365442,-18.858492,6.1484222,11.179878
weld_73.wav,0.0023530473,0.0010724802,-575.65186,216.8704,-147.72218,57.267056,16.601223,-45.242065,44.44043,-18.235088,-7.1155834,28.493095,-28.522804,10.304621,12.46474
weld_730.wav,0.0031269672,0.0019038679,-542.6739,194.74709,-121.39593,62.154274,20.410477,-37.920082,43.90947,-13.896304,-7.3144755,28.338732,-22.42915,7.2115383,11.712318
weld_731.wav,0.0026940894,0.001685973,-562.66675,196.18683,-124.841896,64.13356,21.711288,-37.390068,45.02776,-15.153998,-6.8319163,29.91296,-22.982792,7.5354633,12.030028
weld_732.wav,0.0028716282,0.0018452234,-550.68964,188.37044,-120.9905,60.330906,20.01352,-36.51554,43.21902,-14.576507,-7.2119694,28.528578,-21.649626,7.576659,11.589009
weld_733.wav,0.0027691727,0.0018564767,-543.9849,180.09338,-112.295685,56.578556,19.292213,-35.27999,39.876194,-12.79566,-7.238321,26.241892,-20.5775,6.2473063,11.662797
weld_734.wav,0.0028379739,0.001545366,-556.611,205.9408,-119.00251,65.95632,22.163273,-37.931458,44.9078,-14.486403,-8.0100565,28.134909,-23.781364,6.234239,10.797957
weld_735.wav,0.0028287803,0.0015467693,-549.5897,195.0259,-128.59012,62.857834,20.390226,-38.932194,45.97427,-14.228575,-7.5115414,29.660738,-22.793648,7.411201,12.265866
weld_736.wav,0.0026987672,0.0016569659,-563.8515,199.96649,-127.8846,63.983295,20.65785,-39.25218,45.347923,-15.353681,-7.549083,29.142138,-23.681364,7.9373713,11.725135
weld_737.wav,0.0027983664,0.0016458438,-548.00946,188.35199,-112.730705,59.982265,20.107574,-35.249012,41.752773,-14.253767,-8.316927,26.038359,-22.740736,5.085502,9.965909
weld_738.wav,0.0026810376,0.0017547181,-542.70807,172.14613,-105.92908,52.285477,18.635416,-33.171776,37.188263,-11.80248,-7.0965095,24.641153,-18.742184,6.3264146,11.323105
weld_739.wav,0.002736358,0.0016546737,-561.563,197.33139,-121.76646,62.765144,19.83172,-38.681458,43.84075,-15.35496,-8.688806,27.560938,-23.763832,6.374469,11.314368
weld_74.wav,0.0017797778,0.001093674,-599.7829,185.2275,-108.53377,63.682194,25.311337,-38.070534,31.643547,-13.734263,1.9865625,30.462215,-25.832365,7.240691,17.253363
weld_740.wav,0.0031244308,0.0035547125,-472.0465,92.245476,-53.052486,30.924702,17.279211,-14.068778,20.47403,-3.3807347,-2.6745512,15.020743,-8.857276,2.2510152,8.400725
weld_741.wav,0.0028309121,0.001778383,-546.8015,184.78343,-122.58067,58.182236,20.818827,-36.94926,41.682476,-13.743672,-7.7180943,27.823402,-20.948334,7.393347,12.438599
weld_742.wav,0.0028433055,0.001854616,-549.3637,170.30449,-111.600685,53.714012,19.882698,-32.957615,38.408062,-12.800142,-6.8507533,25.805777,-19.661509,6.56439,12.099211
weld_743.wav,0.003015884,0.0019253397,-524.00183,165.03757,-103.426056,53.30217,20.749636,-30.86573,37.04738,-11.600893,-6.8796034,24.96564,-18.604362,5.0475307,10.9611435
weld_744.wav,0.002897794,0.0017840113,-547.38666,189.80003,-123.041695,59.342365,21.671541,-37.148033,42.275116,-13.518123,-7.5254955,28.220201,-21.381859,6.9974966,12.538543
weld_745.wav,0.0028181367,0.0018380838,-529.5503,160.68646,-103.959915,49.78119,20.21453,-30.323051,35.841927,-10.733782,-6.5301676,24.161287,-17.877563,5.562306,11.788786
weld_746.wav,0.002931377,0.0017339389,-530.12445,174.47153,-105.584175,53.10503,19.706062,-32.094063,37.654087,-12.587318,-7.355966,24.779978,-19.887003,5.1741676,10.776997
weld_747.wav,0.003005311,0.0018952464,-539.0729,180.23453,-114.90016,57.048573,20.813425,-33.94613,40.8224,-13.3317995,-7.2502794,26.83312,-20.592363,6.706113,11.875256
weld_748.wav,0.0029738874,0.001863747,-550.07117,195.22905,-123.1997,61.647106,20.666056,-37.505493,43.77913,-15.508363,-8.34596,28.399967,-22.976648,6.8654795,12.228132
weld_749.wav,0.002889864,0.001731185,-538.67633,183.62006,-117.90655,58.059765,21.394423,-35.388165,41.2196,-12.834738,-6.9809194,27.359787,-21.003918,6.450335,12.007883
weld_75.wav,0.0013506272,0.0011263681,-626.8263,197.23921,-102.77414,44.596565,18.013443,-30.97486,34.26588,-14.372829,-6.736619,25.349981,-18.528988,5.856689,10.684276
weld_750.wav,0.0030331286,0.0018558067,-554.8813,204.38884,-130.59103,64.69595,20.949419,-39.716198,46.51691,-16.080715,-8.286097,30.295996,-23.388332,8.455922,13.538674
weld_751.wav,0.002870801,0.0018099463,-558.5222,201.5237,-128.61333,62.504498,20.632368,-39.296177,44.98284,-15.669962,-8.239826,29.38634,-23.056581,8.356838,13.380168
weld_752.wav,0.002874306,0.0017403759,-558.37787,201.75491,-130.0271,64.752716,21.908064,-39.150497,46.17958,-15.031625,-7.3301234,30.320946,-23.1376,8.40754,13.138586
weld_753.wav,0.0028385369,0.0016216472,-556.04944,203.55934,-126.77876,64.1855,20.381847,-39.700405,44.949753,-16.441923,-8.576129,28.924763,-24.462086,6.966937,11.76272
weld_754.wav,0.0026390692,0.0015375783,-559.0738,203.34401,-128.98355,61.660038,20.016329,-39.843987,44.38563,-15.802701,-7.563293,29.819073,-23.484919,7.3659935,11.8187895
weld_755.wav,0.0029127337,0.0016175287,-555.2648,204.56691,-126.30208,61.809856,20.21287,-39.369053,44.07291,-15.784121,-7.939798,29.47927,-22.895243,7.292783,11.335519
weld_756.wav,0.0028970556,0.0017741144,-560.62933,206.71053,-128.9702,64.73557,20.890827,-40.029953,45.225883,-17.26548,-9.095572,29.419634,-24.000282,7.8629193,12.095992
weld_757.wav,0.0026241438,0.0016285895,-571.6277,206.75983,-132.6572,64.93148,21.293749,-40.035698,46.444378,-16.704094,-8.466556,29.813623,-24.370394,8.249504,12.160063
weld_758.wav,0.002717047,0.0017921822,-538.17267,163.84027,-106.86444,52.883526,19.53423,-31.910746,37.578304,-11.375071,-5.6503572,26.337729,-17.69981,6.6890893,11.497953
weld_759.wav,0.002828567,0.0017456716,-567.3692,209.39345,-136.76503,64.26137,21.225555,-41.094746,47.07728,-16.197487,-8.215886,30.885845,-23.42359,9.002727,12.722921
weld_76.wav,0.0013405144,0.0009468695,-614.4233,197.34068,-110.67678,45.797012,18.467783,-32.582737,36.012234,-14.287015,-6.2735186,27.089855,-19.319391,5.45752,10.872068
weld_760.wav,0.0032248993,0.002012382,-552.20624,203.14455,-131.17976,65.98626,20.459917,-40.68824,46.307903,-16.449,-7.5580063,30.930304,-23.595947,8.575914,12.610221
weld_761.wav,0.0029761563,0.0020253824,-520.1232,147.84322,-93.874374,47.88018,18.45016,-27.603985,34.60518,-9.605748,-5.962114,23.094986,-16.253578,4.971631,10.652331
weld_762.wav,0.003011897,0.002067202,-557.4379,187.8375,-117.67038,61.537758,21.171814,-35.933807,43.601837,-12.961953,-7.068872,28.64266,-20.582502,7.475101,12.695071
weld_763.wav,0.003143678,0.0022130501,-530.8288,163.30208,-103.55558,52.750904,20.145475,-30.50232,37.42467,-10.870572,-5.6177125,25.636065,-17.563616,6.603606,11.901921
weld_764.wav,0.0032581869,0.0020248983,-546.8956,199.69046,-126.56001,65.244415,21.01392,-38.4759,46.100494,-15.776362,-7.6696596,29.846165,-23.66486,7.524311,11.863134
weld_765.wav,0.0031241656,0.0018604625,-549.88806,200.88734,-125.74759,64.46426,19.825779,-39.02435,45.59301,-16.22,-7.638977,30.006144,-23.421436,8.147014,12.747005
weld_766.wav,0.0031399003,0.0019867085,-557.17926,205.54024,-128.75114,67.16955,21.989172,-39.577744,46.625053,-15.7909,-7.6823916,30.035307,-24.035364,8.035872,11.949673
weld_767.wav,0.0029671849,0.0016412784,-549.0597,196.72116,-120.76566,61.68521,19.47391,-38.433548,42.67668,-15.94205,-8.33738,27.63315,-23.62427,6.4254236,11.103968
weld_768.wav,0.0030202798,0.0018559223,-548.80145,195.3355,-127.98572,63.563263,18.865446,-40.03511,44.688126,-16.814463,-8.092162,29.278975,-24.13753,7.8819904,12.6224785
weld_769.wav,0.0028810857,0.0018123045,-545.0764,182.7958,-115.3727,59.815693,20.29502,-35.479042,41.27486,-14.485415,-7.8237453,26.59889,-22.255154,6.053658,10.988008
weld_77.wav,0.0014852233,0.0008898621,-612.2487,222.22235,-129.08832,55.884937,20.119051,-39.25056,42.05934,-16.940256,-7.80203,29.53414,-23.139584,7.0767813,11.020161
weld_770.wav,0.0031850827,0.0019983777,-535.5764,182.76099,-112.15659,59.771233,21.508018,-34.460716,41.35424,-12.627726,-7.3779106,27.040186,-20.287025,5.881069,11.112954
weld_771.wav,0.0031289912,0.0019279204,-546.6822,192.54305,-123.75011,63.395767,20.906284,-37.69724,44.528564,-14.762246,-7.4156322,28.541344,-23.413605,6.82347,11.499981
weld_772.wav,0.0030798672,0.0018702514,-557.6111,206.12407,-132.93188,68.25165,22.057278,-40.054554,48.473915,-15.603951,-7.4211407,30.849472,-24.69907,7.9211087,12.025554
weld_773.wav,0.0031223565,0.0019199279,-544.5815,191.56836,-127.87621,63.39163,20.765291,-38.432064,45.27662,-14.733356,-6.9648523,29.831161,-22.86135,7.57174,11.91468
weld_774.wav,0.0031361482,0.001966124,-545.4082,192.8992,-122.44434,62.188885,20.189402,-37.03467,44.369553,-15.118819,-7.048567,29.515741,-22.173168,7.6970525,12.069824
weld_775.wav,0.0030233169,0.0017721772,-550.57733,196.95518,-127.35308,64.6548,21.212637,-38.900356,45.42587,-14.895238,-7.3049216,29.314684,-23.423704,7.548663,11.663288
weld_776.wav,0.0030164944,0.0018108443,-555.13715,201.88109,-127.73993,65.195755,21.581585,-38.042377,46.708317,-15.365387,-7.392585,29.742075,-23.710281,7.751221,11.417869
weld_777.wav,0.0030408616,0.0019942399,-516.44617,151.86378,-88.40017,51.66489,18.766699,-28.385595,33.774498,-10.793184,-6.932561,21.726831,-17.980295,3.7827487,9.39832
weld_778.wav,0.0028781844,0.0021115215,-534.0874,144.0286,-91.48408,47.788467,18.076822,-26.994667,34.066628,-9.281059,-5.175837,22.796328,-16.445688,4.757759,10.70873
weld_779.wav,0.002766027,0.0019159168,-577.8962,190.8845,-123.68834,58.56508,19.415714,-36.949646,43.804348,-12.915823,-5.547091,28.73478,-22.055635,8.151226,12.696742
weld_78.wav,0.0014930353,0.0011348859,-624.358,214.55003,-112.89606,49.61081,20.242346,-33.763054,37.845684,-14.824932,-6.6742816,27.472507,-20.768826,4.9908323,9.977152
weld_780.wav,0.0017203273,0.0015388582,-580.98083,181.53564,-97.700775,36.482323,19.528711,-27.170502,27.64678,-11.429082,-3.9874055,20.550602,-16.78351,6.7886786,8.776752
weld_781.wav,0.0016210756,0.0014701684,-594.6983,185.05444,-95.08687,43.522007,18.233553,-26.399452,33.24217,-12.780847,-3.3803651,23.281878,-19.14615,7.590463,10.479968
weld_782.wav,0.0018241054,0.0016418118,-583.0845,185.9423,-100.30692,39.672302,19.917551,-31.129202,29.186256,-9.679117,-5.703259,21.644655,-15.4524145,6.100886,9.737857
weld_783.wav,0.0016682963,0.0014048652,-599.17725,190.5455,-98.87361,45.291195,21.134653,-29.612875,33.2015,-9.755788,-4.8190494,23.694664,-15.878239,6.489724,9.274183
weld_784.wav,0.0019691377,0.0017207239,-575.8195,184.92798,-89.24397,36.878452,19.817982,-27.911978,27.463356,-7.1557875,-3.933153,20.24788,-13.73182,5.41836,7.514622
weld_785.wav,0.0019920361,0.002464295,-524.42084,108.33354,-36.910233,18.612846,14.016145,-7.566558,13.933174,-4.6953406,1.2811718,12.0442705,-8.49763,3.7087455,5.223234
weld_786.wav,0.001800032,0.0015544654,-582.3624,183.88405,-92.78791,41.94235,20.50416,-26.160627,31.044899,-10.258091,-4.3757043,20.10122,-17.89553,6.604808,8.873977
weld_787.wav,0.0019050231,0.0014837306,-575.51154,185.14334,-86.86848,40.908237,23.38531,-24.03971,29.694592,-7.5523634,-3.601271,20.068914,-14.922859,6.8120728,9.202627
weld_788.wav,0.0013621459,0.0014684525,-586.6932,153.05403,-72.59207,32.076244,18.629736,-21.49636,24.93274,-5.450006,-5.0620604,17.997543,-10.695674,3.1794417,7.838765
weld_789.wav,0.0017795151,0.001537999,-580.8526,180.7214,-85.78636,38.770428,22.258219,-25.40875,27.295877,-8.183445,-5.807426,18.308401,-14.883999,3.8912609,6.862006
weld_79.wav,0.002114238,0.0017148564,-576.58466,164.70906,-104.39534,47.27057,13.896534,-33.45691,38.46181,-10.047431,-7.835785,23.92563,-18.542742,5.3619733,12.890176
weld_790.wav,0.0016801592,0.0011262628,-579.6701,189.92877,-106.020325,42.734337,20.24847,-28.20359,32.466793,-12.757251,-2.9757955,22.28313,-19.617392,8.685147,8.743656
weld_791.wav,0.0015392605,0.0011745959,-565.5518,159.3596,-80.16564,34.056847,17.295406,-21.212654,25.65978,-9.906182,-1.9892843,18.056883,-15.452393,7.331266,8.060475
weld_792.wav,0.0015850002,0.001091539,-586.04236,186.79749,-98.66444,38.244804,19.13972,-26.397503,29.801218,-10.9345665,-1.4504113,20.769445,-18.432335,8.643855,8.579815
weld_793.wav,0.0016397112,0.0011573653,-590.75665,193.37222,-94.98234,42.379128,18.083393,-26.540691,30.66587,-15.045842,-3.7736201,19.96372,-21.638384,8.180352,8.227398
weld_794.wav,0.0014861153,0.0010335234,-606.86127,196.55273,-100.13958,40.961098,18.15363,-26.861425,31.863983,-13.743634,-2.2855222,21.52211,-20.285286,9.604296,8.911888
weld_795.wav,0.0013002696,0.0010241787,-633.72284,197.60475,-104.66362,44.147404,21.086102,-28.586084,34.33224,-11.140897,-4.3111143,22.334984,-17.904516,8.864472,9.847346
weld_796.wav,0.0012940158,0.0011710665,-640.3399,190.34825,-101.66571,38.24052,20.21747,-27.152628,30.869616,-9.993455,-3.5872636,20.546791,-15.856354,9.091067,9.1834345
weld_797.wav,0.0014407001,0.0010603402,-605.65106,198.85683,-107.977066,45.024857,21.123344,-31.190115,33.844055,-10.344594,-3.9463403,22.391272,-18.331385,7.813855,8.24767
weld_798.wav,0.0014742614,0.0009338566,-579.3884,180.85037,-93.661224,36.240963,19.08808,-26.764143,28.014612,-9.216561,-3.633745,19.656967,-15.273311,6.8101254,7.203147
weld_799.wav,0.0015405234,0.0010663195,-588.95624,193.63147,-103.20508,42.10089,20.99172,-30.33418,31.423512,-10.252787,-4.9746966,21.6976,-17.220865,6.7972937,9.093002
weld_8.wav,0.0016331872,0.0013356463,-611.4767,184.89177,-96.83544,39.702,20.809124,-25.176313,32.928585,-8.938404,-3.029775,23.054173,-16.688997,6.5784984,12.027437
weld_80.wav,0.0009901257,0.000919426,-695.4866,218.58812,-106.42048,33.948093,16.461535,-32.252342,29.652227,-14.55992,-6.3648567,23.898,-16.942408,6.8488464,9.051452
weld_800.wav,0.0014952404,0.001216708,-588.2727,173.54933,-95.43474,38.47974,19.920858,-26.080942,29.979818,-7.96463,-3.0069184,19.898172,-15.202065,7.5506935,8.876675
weld_801.wav,0.0015760192,0.001050748,-570.2482,176.67879,-88.82498,32.82534,19.461596,-24.734097,25.97603,-6.7060905,-2.0488706,17.26025,-15.063128,6.2899485,5.9987006
weld_802.wav,0.0017988719,0.0011186912,-575.5487,200.07715,-100.32774,38.2323,20.053234,-30.763428,28.610783,-9.593213,-5.129907,18.887983,-17.334558,5.7810307,6.7561426
weld_803.wav,0.0016456678,0.0011840225,-576.5723,177.68584,-82.02119,35.64672,20.665117,-23.809,24.507694,-9.18312,-4.3199615,16.15506,-15.667558,5.3991036,6.273141
weld_804.wav,0.0014647235,0.0011471017,-583.72046,172.37398,-86.601524,36.18647,19.60126,-25.191442,26.597778,-7.4819593,-2.8238468,18.52523,-14.683689,5.9051075,7.0418634
weld_805.wav,0.0013497053,0.0009974479,-610.79846,199.13278,-102.66538,44.297634,19.921509,-29.735216,33.13153,-11.430032,-3.0578926,22.65959,-19.317965,7.8361845,8.48792
weld_806.wav,0.0012928714,0.0011717435,-611.77856,183.85739,-90.274895,46.825924,20.743765,-24.436823,32.741196,-13.21097,-2.9256334,22.731089,-20.001005,6.96906,9.229631
weld_807.wav,0.0016139911,0.0010689732,-556.38654,163.64122,-74.85913,30.75851,16.56783,-16.858755,25.894606,-10.791569,-0.53507453,18.034399,-16.03469,8.3376465,8.476967
weld_808.wav,0.001428188,0.00089824974,-611.7078,214.71434,-116.81607,47.421253,20.57626,-32.492878,36.25814,-14.885569,-4.461486,23.99121,-21.832535,9.378471,8.98862
weld_809.wav,0.001420126,0.0012898808,-656.51166,161.68039,-80.02551,37.47833,16.477179,-20.90258,28.031715,-10.603781,-1.5270977,18.963585,-14.163622,9.50799,7.541067
weld_81.wav,0.00097114145,0.00091704394,-705.8105,213.1911,-97.81438,35.069855,16.689167,-29.085634,28.735788,-15.268378,-4.6234345,24.222631,-17.195372,7.2279506,8.56254
weld_810.wav,0.0015944247,0.0015009299,-639.32684,163.38535,-77.97305,32.7325,15.555762,-20.856548,24.1872,-11.291014,-0.6320033,18.56381,-14.401663,8.225339,7.4021707
weld_811.wav,0.0015495878,0.0014301855,-648.39215,169.38423,-82.717064,35.543915,13.893896,-21.13428,27.946312,-14.000808,0.2380259,21.816254,-16.995209,9.4107485,9.329018
weld_812.wav,0.0015191968,0.0013971499,-646.64594,171.08803,-85.31909,32.789566,17.67739,-22.380964,25.08129,-9.717661,-0.45296672,18.846987,-13.968481,8.829166,7.4193745
weld_813.wav,0.0015840986,0.0014772003,-635.4067,168.4502,-79.343,34.2188,17.460844,-21.402449,25.340033,-9.044971,-0.485457,17.783293,-14.531996,8.565819,7.2749133
weld_814.wav,0.0014319799,0.0013243994,-652.07074,171.94327,-84.497955,34.5864,16.248175,-21.9242,26.932707,-11.268204,-0.34910423,19.829514,-15.283798,9.411055,8.289465
weld_815.wav,0.0014254167,0.0015909487,-617.8127,122.153786,-52.23381,22.425089,14.87664,-12.943718,16.34889,-4.7607875,1.11646,13.341932,-7.8744273,6.545342,6.1385694
weld_816.wav,0.0015428208,0.0013887982,-640.3118,165.78716,-78.9168,32.625362,19.447296,-21.341345,24.275223,-6.5509124,-1.181924,18.035206,-10.600992,7.921621,7.3808384
weld_817.wav,0.0014789562,0.0013611573,-642.50323,160.31651,-75.162895,30.74575,15.012651,-19.452265,24.570543,-9.530173,0.14792669,18.502335,-13.29126,8.575479,7.837059
weld_818.wav,0.0015542489,0.0015060034,-638.0105,158.4919,-69.4134,27.873793,16.37123,-17.930882,21.840477,-8.464967,-0.84582525,16.92342,-11.491845,6.933431,6.6006413
weld_819.wav,0.0013015701,0.0011567336,-658.7816,171.22765,-84.6673,34.516647,16.320122,-22.271076,28.140923,-9.003696,-0.27591893,19.436447,-15.031252,8.657713,7.9676723
weld_82.wav,0.0009050821,0.00088911474,-714.0882,200.60834,-92.78726,33.06093,15.656103,-27.846382,27.056698,-13.882764,-4.608414,23.12522,-13.669147,7.679422,7.0609736
weld_820.wav,0.0013144788,0.0011728132,-659.3622,176.44902,-86.14881,35.0417,17.36175,-22.725048,27.853191,-9.541582,-0.59279984,19.883703,-14.380539,9.7523575,8.553394
weld_821.wav,0.001455377,0.001323253,-645.74457,167.31233,-79.04894,32.253838,16.4768,-20.056458,26.288418,-9.283827,-0.6617231,18.786936,-13.400321,8.953962,8.211649
weld_822.wav,0.001417829,0.001312267,-648.6197,169.19756,-80.18134,32.50474,17.10205,-21.286943,25.66006,-8.189413,-0.23159541,18.627363,-12.8204155,9.012187,7.691062
weld_823.wav,0.0012258181,0.0009618066,-636.05615,172.728,-84.31789,29.982218,16.45593,-21.98541,24.026,-11.027555,-2.3517878,17.156416,-13.982831,7.9440618,6.171073
weld_824.wav,0.0012221524,0.000985253,-649.06256,184.11136,-92.218704,33.95228,17.300755,-24.21387,26.408667,-12.665343,-1.4768556,19.910686,-15.897595,9.504194,7.8660746
weld_825.wav,0.0011947757,0.0009796139,-626.43304,166.54053,-82.17134,28.975723,14.313185,-19.574774,25.036327,-12.695554,-0.5266826,18.821217,-15.462988,9.950968,8.762886
weld_826.wav,0.0013424942,0.0009482786,-634.7084,198.16156,-107.77293,37.046932,20.861807,-26.725683,29.88233,-12.982857,-2.9864497,20.800661,-16.808798,10.251595,7.541788
weld_827.wav,0.0013502918,0.00095726404,-637.95886,203.14244,-108.4107,41.10946,18.260143,-27.065947,33.337906,-16.123316,-2.2929606,23.204655,-19.871458,11.998778,9.248082
weld_828.wav,0.0012030381,0.0009091179,-643.4853,199.39552,-108.895226,37.15568,20.337593,-29.215048,29.723219,-12.878127,-5.146116,20.92296,-16.529652,8.183815,7.203622
weld_829.wav,0.0012402142,0.0008671426,-647.71234,207.97354,-113.92417,40.058308,17.830256,-29.27583,32.87282,-17.000832,-3.221544,23.245316,-20.721563,10.795412,8.786146
weld_83.wav,0.0009592298,0.0010967803,-677.5741,161.38283,-68.64123,24.21165,14.2329855,-19.826689,19.383806,-10.804196,-3.3494117,18.023457,-10.519119,4.475879,5.3795543
weld_830.wav,0.001356325,0.0009839692,-636.2556,197.75456,-108.25672,39.522312,17.081669,-28.145401,32.80627,-15.7134285,-3.466716,23.568768,-18.983622,10.412437,9.817893
weld_831.wav,0.0012653958,0.0009250864,-640.12,197.69926,-108.90189,39.705666,17.771603,-28.334036,32.5647,-15.165108,-3.5558074,22.803146,-19.09075,10.293773,9.363314
weld_832.wav,0.0012020381,0.0008576367,-649.4774,206.99873,-115.19238,38.887455,21.505543,-30.875187,31.231688,-12.437871,-4.534604,21.890892,-17.23741,9.242138,8.410665
weld_833.wav,0.0012238139,0.0009201053,-638.75275,193.98051,-105.08183,36.042618,17.550297,-27.279129,29.242743,-14.482058,-2.5940135,20.931963,-18.386972,10.255281,8.104823
weld_834.wav,0.0012212973,0.00092822075,-629.85394,181.9617,-97.05558,33.921825,16.88867,-23.948685,28.0868,-13.578398,-1.7868989,19.848835,-17.506628,10.016815,7.7717543
weld_835.wav,0.0012290825,0.00090214197,-645.2666,204.21115,-111.95244,38.604828,21.007696,-29.419834,30.821753,-12.60103,-3.6691916,21.456484,-17.049988,9.842481,7.662933
weld_836.wav,0.0011744986,0.0008817238,-643.1221,194.53107,-104.09904,37.758778,15.844594,-26.310284,31.566565,-16.268503,-1.985454,22.666403,-19.854197,11.307661,9.3995075
weld_837.wav,0.0013232902,0.0009671091,-628.9909,188.22047,-101.76172,34.865177,20.814407,-25.994724,28.4268,-10.627526,-3.4561772,20.356955,-14.939217,8.32886,7.762825
weld_838.wav,0.0012543007,0.0009825404,-627.55963,179.5496,-96.35692,31.929571,17.373075,-24.208506,25.929169,-13.360691,-2.435733,19.384428,-16.243292,9.26416,7.8045645
weld_839.wav,0.0011667382,0.00085754547,-637.90094,189.02098,-104.01813,33.63596,19.186968,-26.69,27.533012,-12.190686,-3.18827,19.716457,-15.774936,9.1921215,7.1662893
weld_84.wav,0.00096634653,0.0009063821,-708.42334,209.90439,-94.69713,38.347813,17.267988,-28.357346,30.855135,-15.425251,-7.257096,24.526571,-15.459296,5.628047,7.6934404
weld_840.wav,0.0012085228,0.0009003275,-640.60754,190.05754,-103.09744,37.89194,16.864723,-25.71155,31.383469,-15.512164,-1.9872285,23.229929,-19.096859,10.511908,10.098432
weld_841.wav,0.0012065659,0.001008268,-614.4137,159.44212,-81.53605,27.430458,14.916451,-18.664513,23.65816,-12.286568,-0.87675154,17.515453,-14.997097,9.12265,7.133689
weld_842.wav,0.0012675764,0.0009720756,-632.0936,184.46866,-100.17535,35.137997,17.607107,-24.580883,29.057741,-13.901178,-1.8578892,21.38534,-17.551973,9.475084,8.270307
weld_843.wav,0.002190442,0.0017123622,-562.8662,178.56223,-93.11161,43.549137,19.603664,-32.02903,32.621357,-5.6859684,-8.111008,20.448444,-16.37293,1.5205133,8.100802
weld_844.wav,0.0027377103,0.0023973773,-578.6898,208.84116,-111.66464,53.37442,19.451893,-38.960663,39.953888,-9.251174,-9.280835,23.631762,-22.383463,1.9710089,8.398684
weld_845.wav,0.0024428575,0.0021053741,-584.8414,200.21878,-124.0086,50.634384,21.131336,-39.29145,39.28634,-8.807576,-7.6880727,24.774828,-21.998877,2.4859514,9.468444
weld_846.wav,0.0021808264,0.0020583363,-589.46924,201.21152,-108.592155,51.59163,21.170027,-36.292213,38.974487,-6.7569327,-8.447332,21.792406,-20.819925,1.6560332,7.3671927
weld_847.wav,0.0023624005,0.002132369,-596.51166,212.97253,-119.06713,58.61768,21.138563,-39.987896,43.625404,-9.118137,-7.826596,26.212961,-23.23149,3.762194,10.285868
weld_848.wav,0.0023151396,0.0017863889,-586.6321,212.9415,-116.52273,56.656,20.382856,-40.38613,40.64315,-10.53869,-8.923636,24.86792,-22.65228,2.8937485,8.040364
weld_849.wav,0.0020644846,0.00176442,-601.2597,209.58617,-114.71397,53.738106,18.872858,-40.06753,39.527515,-9.842107,-7.845706,25.840092,-19.60409,5.0553474,8.774338
weld_85.wav,0.002141208,0.001071239,-560.6455,192.80481,-126.40102,44.816643,14.607082,-39.05884,37.51784,-13.216656,-5.784265,24.517984,-24.875076,6.9815483,12.474809
weld_850.wav,0.002063581,0.0019742872,-609.85394,202.92084,-109.86386,56.657883,16.34912,-40.47103,41.169827,-10.934788,-8.714941,26.65344,-21.006424,3.7352679,9.650155
weld_851.wav,0.0020031442,0.0017854207,-603.1941,210.7784,-117.60606,55.693386,21.275118,-40.294888,40.45678,-8.422969,-8.424859,23.995907,-20.987026,4.263185,8.38389
weld_852.wav,0.0020775886,0.001882288,-607.1078,186.96483,-104.116356,50.73101,13.636105,-39.531307,39.21106,-6.6245923,-6.3013387,25.687965,-18.82078,4.1467915,11.266234
weld_853.wav,0.0021272057,0.0020831083,-591.0328,193.98994,-101.52697,51.752808,20.238312,-36.123528,35.741722,-8.090385,-8.165349,21.588888,-19.489613,3.1264958,7.82494
weld_854.wav,0.0021569156,0.002268187,-609.39594,198.83795,-110.4532,55.47981,17.204132,-40.411728,39.618256,-8.86255,-6.863088,25.115805,-20.573254,5.519871,10.179511
weld_855.wav,0.0021958605,0.002343812,-605.7157,198.77216,-111.454605,58.164993,16.85847,-40.896645,41.244427,-10.367012,-8.276743,25.038841,-22.011887,5.816548,10.790659
weld_856.wav,0.002179193,0.0021485467,-602.825,203.21428,-114.548294,56.593914,18.152594,-41.55241,42.26662,-6.989554,-8.888906,22.995672,-22.140038,4.1325545,9.5404215
weld_857.wav,0.0014694269,0.001588599,-618.73346,191.37114,-94.96405,45.158157,19.326569,-33.94248,33.961777,-3.87186,-6.62031,19.987019,-16.287785,3.2761054,7.326419
weld_858.wav,0.0019686583,0.0016358038,-631.01605,197.70393,-122.8924,42.708946,10.802447,-38.76333,40.01448,-14.3928,-9.065363,26.197216,-21.566446,4.416189,8.247969
weld_859.wav,0.0022245315,0.0019054104,-607.2167,183.94183,-116.6196,40.321804,10.22332,-36.33584,38.156742,-13.291162,-8.272449,24.879665,-20.327433,4.805479,8.617109
weld_86.wav,0.0019182194,0.0019766164,-593.52325,148.70583,-96.09141,42.8268,18.677546,-26.41862,35.020363,-6.7404313,-5.6349998,22.476025,-14.314208,5.3699384,10.9439125
weld_860.wav,0.0022696375,0.0018638442,-623.4151,204.8185,-131.03963,45.40885,10.850148,-41.67902,41.29881,-15.929175,-8.83215,28.419413,-21.992813,6.0084367,9.185146
weld_861.wav,0.0026785412,0.0017956436,-546.6472,173.87852,-98.64491,39.54878,13.090155,-32.17157,33.18941,-11.60126,-8.012787,24.135336,-16.233112,3.2110088,9.7233305
weld_862.wav,0.0026231532,0.0017496207,-558.32776,170.72777,-95.4498,42.200096,14.145023,-31.090538,34.17562,-10.922274,-8.11256,23.344372,-17.003658,2.658147,9.2025175
weld_863.wav,0.0025145516,0.0018520994,-581.53644,208.45369,-128.54608,51.097656,13.588398,-44.04538,39.665688,-16.90666,-10.968101,27.044077,-23.820517,3.6331906,9.870904
weld_864.wav,0.0023566065,0.0017657785,-596.61346,216.92532,-135.71587,52.478214,13.9558525,-44.9439,42.33816,-17.70138,-10.958973,28.565828,-25.036152,3.819688,9.724576
weld_865.wav,0.0023882333,0.0018278469,-569.391,185.1188,-112.53824,43.545883,14.317185,-38.01409,34.3264,-12.680076,-9.166146,24.065609,-19.981571,2.2757304,8.924943
weld_866.wav,0.0023329698,0.00180529,-598.707,207.40002,-127.354164,52.765663,13.983271,-43.6606,41.267464,-15.837639,-10.884649,27.469776,-23.62016,3.3404856,9.972437
weld_867.wav,0.002320499,0.0017470432,-587.89136,197.5808,-121.76877,49.02806,13.138941,-43.346317,37.547863,-15.14475,-11.806876,25.325075,-21.7292,2.922502,9.092726
weld_868.wav,0.002526707,0.002115506,-582.7262,191.67545,-120.423096,49.179615,13.2620945,-41.395924,38.888374,-14.484198,-11.371711,25.459917,-21.361826,3.3678453,9.313015
weld_869.wav,0.0023994404,0.0018241098,-586.8721,193.38522,-122.52189,48.461624,12.586614,-41.511364,39.511402,-15.045365,-11.066976,26.867067,-20.971983,3.590537,9.897835
weld_87.wav,0.0018677595,0.0020562178,-608.44824,161.27759,-99.28231,47.106483,18.955109,-30.00978,34.68622,-8.737683,-4.9111004,23.549385,-18.1227,4.3335223,11.54609
weld_870.wav,0.0024700172,0.0019334985,-598.8526,202.46864,-127.91556,51.372078,14.401898,-42.02493,41.405575,-16.121979,-11.223464,28.10492,-21.634924,4.2860847,9.600015
weld_871.wav,0.0024061752,0.0019255644,-583.62616,184.84756,-113.35122,45.1503,13.44565,-37.713043,37.248966,-13.1043825,-10.091424,25.658281,-19.071318,2.4726639,8.927746
weld_872.wav,0.0024186845,0.0017515118,-592.94604,206.00179,-125.41915,49.277943,12.2940855,-42.69226,40.90453,-16.116364,-11.654995,27.736975,-21.559158,3.9347317,10.29568
weld_873.wav,0.002419363,0.0018981246,-593.12964,196.865,-123.71105,48.814972,14.33706,-41.97932,38.781273,-14.321148,-10.7355385,27.003487,-20.616482,3.25911,9.726999
weld_874.wav,0.0024191036,0.001899403,-583.21906,187.59389,-117.20319,48.211628,14.466303,-39.783905,37.058426,-14.515967,-10.900278,25.542328,-20.33455,3.009544,9.585407
weld_875.wav,0.0022010487,0.0017627026,-615.5161,180.30652,-113.989235,48.371532,16.42961,-34.769165,36.889034,-14.4909725,-8.301079,25.398207,-18.342909,6.9020796,10.9351225
weld_876.wav,0.0021678784,0.0017011908,-630.8842,199.66954,-127.16254,55.10588,18.266209,-38.55303,42.07384,-15.839873,-9.051234,27.967686,-21.027092,7.6978273,11.758135
weld_877.wav,0.0021918458,0.0018536127,-611.11127,173.1603,-110.1847,46.830727,16.324898,-33.064426,35.995247,-13.730189,-8.098547,24.408224,-17.781342,6.347767,10.335247
weld_878.wav,0.00202929,0.0016428478,-617.4781,177.07494,-111.22615,46.3951,15.51631,-34.182446,35.783783,-14.381049,-8.3515625,24.917067,-17.90151,6.3058977,10.48312
weld_879.wav,0.0019422269,0.0016265142,-607.79065,158.6583,-99.61879,42.211895,15.26802,-30.163486,31.746525,-12.826483,-7.029382,22.994297,-15.621562,6.1812654,10.159475
weld_88.wav,0.0012517447,0.00072951574,-636.2192,218.92577,-129.29085,49.955437,16.646206,-36.526993,43.225502,-18.111477,-8.227123,30.418715,-21.179428,7.751796,10.855752
weld_880.wav,0.0019973167,0.0016685018,-616.50885,175.28368,-109.83785,46.569984,16.472176,-33.490433,35.447098,-13.610982,-7.908541,24.727884,-17.570358,6.324837,10.664038
weld_881.wav,0.0020735185,0.0016147653,-618.38684,183.58936,-114.67287,49.524555,16.838339,-34.95763,37.51695,-14.655068,-7.937864,26.255836,-18.483622,7.0041413,11.100607
weld_882.wav,0.002062862,0.0016108151,-628.23596,188.44931,-118.6314,51.786022,17.713388,-35.415768,39.377285,-14.833744,-7.400765,27.432266,-18.94295,7.991163,11.449588
weld_883.wav,0.0021494797,0.0018080756,-603.4456,157.1015,-98.68754,43.669556,16.55718,-29.05025,32.96881,-11.69819,-6.702524,23.338472,-14.986886,6.0879374,10.163151
weld_884.wav,0.0020065063,0.0016674129,-627.42737,179.79228,-115.09553,50.105423,17.632664,-33.980694,37.9227,-14.607296,-7.690446,26.339764,-18.62877,6.993566,10.894544
weld_885.wav,0.0022475556,0.0017874782,-607.4498,173.04584,-107.40919,48.50342,18.006643,-31.581663,36.732384,-12.542179,-7.0684237,25.149391,-17.158237,6.458864,10.721675
weld_886.wav,0.0022920233,0.0018072269,-617.3911,185.85188,-117.12862,51.859295,18.056652,-35.16371,39.088535,-14.180695,-7.50848,26.765347,-19.0974,7.581096,11.687693
weld_887.wav,0.0021139465,0.001707208,-607.163,167.35403,-104.93776,45.638565,16.234186,-31.908419,34.335182,-12.665527,-7.0547833,23.948065,-17.052322,6.014447,10.56762
weld_888.wav,0.0019898785,0.0016337436,-619.83167,172.89542,-110.16352,47.95954,16.819237,-33.336517,36.310116,-13.165929,-7.4463134,25.303558,-17.08516,7.2106414,10.99188
weld_889.wav,0.0020059508,0.0016708915,-625.3376,178.87534,-114.99799,50.54429,17.011238,-34.897156,38.018715,-14.101534,-7.456796,26.72285,-17.85471,7.6508512,11.167854
weld_89.wav,0.0016495303,0.0009317805,-588.2988,200.1898,-114.52368,43.829884,15.955829,-32.55563,36.337173,-16.851582,-6.3188004,26.269545,-21.178635,6.8342752,10.158658
weld_890.wav,0.0020836312,0.0016038582,-623.5568,187.31721,-119.24591,53.041397,18.073341,-36.1739,40.175003,-13.757835,-7.431737,27.837212,-18.316841,8.206869,11.772196
weld_891.wav,0.0022441947,0.0017451294,-617.98956,183.84889,-116.38898,52.381393,19.276154,-33.637356,39.612274,-13.869989,-6.880415,27.929794,-17.71717,8.390037,12.020443
weld_892.wav,0.0021429157,0.0016819624,-627.5394,193.7854,-122.65638,53.591194,18.346832,-36.92518,40.55645,-14.840411,-7.3517013,28.36401,-19.536144,8.420767,12.266248
weld_893.wav,0.0022073567,0.0017515906,-605.2498,169.49327,-106.145096,46.520836,16.644775,-31.68638,35.74733,-12.213772,-6.998681,24.435978,-16.349163,6.6485186,9.828485
weld_894.wav,0.0023638653,0.0018510133,-623.70154,194.37819,-126.24408,54.773533,18.15946,-38.59495,41.092278,-15.337328,-8.017839,28.548946,-20.330431,7.570738,11.352663
weld_895.wav,0.0028314127,0.0020145713,-563.6796,189.98723,-115.38613,58.308678,22.822998,-35.10151,40.07384,-13.27757,-8.018925,26.708479,-20.096083,6.5537686,11.472702
weld_896.wav,0.0028655035,0.0022147023,-562.2514,178.40521,-107.31741,55.310116,24.477192,-34.12026,37.286827,-8.552722,-8.186677,25.334343,-16.199213,5.108791,12.153607
weld_897.wav,0.0025742496,0.0018564926,-574.8707,188.76904,-116.7035,57.382206,24.799673,-37.424267,39.268063,-9.145599,-8.815201,26.576717,-17.17353,5.6236053,12.106699
weld_898.wav,0.0020606115,0.0015088468,-576.5549,171.95918,-104.800644,51.973232,24.4348,-32.108692,34.032536,-9.017767,-6.900894,23.239035,-16.568365,5.359744,10.537089
weld_899.wav,0.001794966,0.0013766984,-588.13196,166.93233,-95.560555,46.88916,23.005537,-29.720734,31.79862,-7.101166,-6.107098,22.644266,-13.890149,5.2728972,10.832251
weld_9.wav,0.0017123055,0.001220829,-646.9806,208.80113,-124.57092,51.99312,15.058021,-37.875507,41.953205,-17.107693,-6.531543,29.189627,-24.01924,6.4363875,10.498165
weld_90.wav,0.0018035729,0.0010359606,-597.3898,216.31053,-129.63666,50.914906,16.089981,-36.959686,40.78491,-20.706007,-5.779923,30.185184,-25.5723,8.315301,11.5233345
weld_900.wav,0.0026266058,0.0020187255,-567.1894,178.88304,-104.029045,50.35644,21.793858,-32.00466,35.81325,-9.393943,-6.7623625,24.226118,-16.743261,5.790139,11.153638
weld_901.wav,0.0024618474,0.0018862198,-577.18854,182.57426,-112.86837,53.398373,23.67654,-35.764713,37.636105,-8.20054,-8.096253,25.557014,-16.643267,5.1262727,12.298195
weld_902.wav,0.0025314617,0.0021634495,-573.4014,174.78287,-99.05968,51.664593,23.206161,-31.574398,35.795677,-7.0859866,-7.1366677,24.181522,-14.838091,5.2167163,11.725831
weld_903.wav,0.0020804002,0.0015224237,-590.7597,187.2514,-109.20297,51.38083,23.231989,-35.30469,35.45296,-8.975153,-8.54578,23.677872,-16.824001,5.296028,11.413075
weld_904.wav,0.0019043591,0.0013135187,-595.20844,194.01163,-118.637955,53.72301,25.636482,-36.450836,37.053123,-9.881716,-8.42373,24.967901,-18.242022,5.787008,12.042114
weld_905.wav,0.0027018413,0.0019532638,-564.2395,187.36972,-113.34067,54.464363,24.044764,-34.8152,37.866142,-9.903133,-7.462214,25.662132,-17.843628,5.895927,11.645673
weld_906.wav,0.0028789197,0.002186276,-569.19055,187.43068,-119.11405,59.36341,23.16144,-37.415024,41.99565,-10.144119,-8.33872,27.602676,-18.944113,5.3756037,11.744448
weld_907.wav,0.0029435656,0.0014235434,-554.91656,197.88914,-95.404305,57.562553,26.17652,-32.127033,37.34019,-8.1645155,-8.519292,23.942425,-17.968538,2.409302,10.268506
weld_908.wav,0.002022588,0.0010876782,-586.6863,198.19456,-115.219795,54.888954,24.366251,-35.67956,37.91738,-10.5065365,-7.312556,25.465904,-18.668213,6.260403,10.751368
weld_909.wav,0.002461029,0.0018560467,-570.29315,181.88751,-108.29117,51.545486,23.553751,-33.66177,35.947384,-8.754713,-7.476749,24.301336,-16.645102,5.4469624,10.940474
weld_91.wav,0.0013759681,0.0012490978,-628.6211,169.82832,-86.39143,34.640675,20.448025,-22.165892,29.632067,-6.570231,-3.9642568,21.328476,-11.385131,4.948791,8.763076
weld_910.wav,0.002300323,0.0017225933,-579.72644,188.7383,-112.827515,53.221157,24.91574,-35.53465,37.406425,-8.22081,-8.667985,24.859829,-17.44931,4.274848,12.05312
weld_911.wav,0.0024820939,0.001740617,-559.7083,177.95804,-106.81714,49.137733,22.369991,-33.593143,35.653732,-8.287022,-8.520002,23.616112,-17.1487,3.6538997,11.492573
weld_912.wav,0.0020294324,0.0013958361,-582.9209,185.62268,-112.48249,51.672398,23.984272,-34.61277,36.299656,-9.681605,-8.911597,23.336128,-18.243176,4.884712,11.322498
weld_913.wav,0.002098687,0.0017198346,-578.6729,181.83476,-97.79742,49.00629,24.260424,-31.458641,33.243744,-7.5789337,-8.97121,20.872585,-16.320908,3.5775082,10.902546
weld_914.wav,0.002378763,0.0017718526,-575.8269,192.03023,-111.23179,48.81352,22.468966,-34.396423,35.77003,-9.561629,-7.627934,24.003307,-17.791138,5.824768,12.145442
weld_915.wav,0.0027091864,0.002852255,-572.30304,176.12086,-99.876526,48.55625,22.186352,-31.561308,34.504284,-7.7826357,-7.5222735,22.882368,-16.38812,3.9188526,11.761442
weld_916.wav,0.0020310606,0.002081628,-591.1141,187.3549,-100.37619,47.956978,23.43052,-31.481985,33.47942,-9.629903,-8.6527605,22.275705,-18.36336,2.388234,11.354433
weld_917.wav,0.0019303248,0.0015169207,-590.3001,192.1015,-113.922646,49.813473,24.479774,-34.085922,36.303967,-9.124467,-7.758566,23.806723,-18.840593,4.7194533,11.97139
weld_918.wav,0.0027124446,0.0022196826,-559.9834,185.19913,-95.73015,47.677124,23.535517,-32.86306,31.383,-8.019943,-9.620441,20.959097,-16.852674,1.0129819,9.740883
weld_919.wav,0.0023456437,0.0022283874,-560.429,151.0964,-83.07178,40.917416,21.951553,-27.024694,27.67233,-4.651473,-6.9704,18.852057,-13.467476,2.2011805,11.091557
weld_92.wav,0.0013453427,0.0013637072,-648.6505,172.28262,-81.28717,35.7578,19.280209,-22.009521,29.144884,-8.063831,-4.564213,21.222256,-11.30096,5.5015874,9.1159725
weld_920.wav,0.0021626628,0.0019236156,-576.5595,174.16397,-103.033806,45.868797,22.382326,-30.654383,33.19379,-9.492768,-7.565231,22.516914,-17.6017,3.933785,11.145423
weld_921.wav,0.0025565,0.0024083948,-575.6253,182.02954,-104.768074,50.85961,22.974045,-31.022764,34.91203,-10.810631,-6.1538024,22.312628,-19.952734,6.708244,11.564095
weld_922.wav,0.0025455863,0.0023122889,-586.4153,186.07602,-120.79452,55.807343,21.630177,-37.83369,39.99539,-11.609096,-8.867671,26.28765,-20.017124,6.4406433,13.854849
weld_923.wav,0.0024325254,0.0022560798,-572.90533,170.20605,-106.90291,52.364506,23.833979,-32.57147,36.792355,-7.748643,-7.2122498,24.435522,-17.757025,3.859711,11.99101
weld_924.wav,0.002464728,0.0022237734,-565.99286,169.57869,-99.58848,50.6001,22.090092,-30.40975,34.14293,-9.160018,-5.1002107,23.159636,-18.130505,5.221949,10.281695
weld_925.wav,0.0023273786,0.0021440815,-581.1427,175.65826,-111.629944,50.32138,24.071764,-34.552795,35.587395,-8.08155,-8.060388,24.960878,-16.593157,4.4415607,13.046658
weld_926.wav,0.0025946493,0.0024278888,-571.6645,180.61098,-112.01162,48.317745,22.23046,-30.83565,38.048866,-9.836631,-6.5789156,25.236694,-17.636898,5.8284574,11.513134
weld_927.wav,0.002566522,0.0023708225,-558.32336,168.73924,-100.67552,43.025738,22.9324,-30.082682,32.868908,-6.2016654,-8.330351,21.845469,-14.592807,2.9870663,11.144072
weld_928.wav,0.0023065172,0.0020035554,-570.094,175.25502,-100.849045,47.387604,24.781244,-31.424212,33.15843,-6.224324,-8.033199,21.949581,-15.65855,3.0638819,11.160532
weld_929.wav,0.0020610653,0.0018066182,-587.65784,180.72714,-111.71665,52.044014,23.602898,-33.75306,35.785614,-10.182808,-6.9690514,24.196516,-18.319664,6.2455506,12.182785
weld_93.wav,0.0014597429,0.001195312,-601.0698,172.02353,-101.84209,44.5889,22.519482,-27.951094,34.24263,-7.247747,-4.908698,22.800726,-15.020904,5.7371564,10.65884
weld_930.wav,0.0024477532,0.0021660079,-564.26495,168.40872,-91.084724,44.11445,21.636652,-28.749622,31.14108,-7.23384,-7.0352507,21.516392,-14.95232,3.3156838,11.589085
weld_931.wav,0.0023276997,0.0022370012,-583.8628,183.47775,-98.73925,48.348347,22.17216,-33.112114,32.688915,-8.837623,-8.595006,22.121347,-17.07537,3.1929882,11.484805
weld_932.wav,0.0020402072,0.0017217959,-584.0696,181.98659,-95.5778,45.860302,24.430937,-30.73816,30.461056,-7.347984,-7.7627378,20.148582,-16.370028,3.1641295,9.695525
weld_933.wav,0.002509005,0.0017714052,-553.24994,164.11337,-104.364075,47.63433,19.530535,-31.184734,35.776196,-9.702767,-7.311623,23.869751,-16.83308,5.1599145,11.399288
weld_934.wav,0.0028103262,0.0019492196,-565.2962,190.18295,-116.93226,57.427834,23.144491,-37.751507,40.788227,-9.471267,-9.455935,26.491705,-18.210196,4.8001323,12.155201
weld_935.wav,0.0025338659,0.0017017599,-568.8458,186.93365,-118.361855,55.86148,22.349998,-37.26093,40.756664,-9.766515,-9.066038,26.585733,-18.167473,5.500773,12.422039
weld_936.wav,0.0026586023,0.0017945672,-563.8193,185.57626,-114.91985,53.709713,20.835672,-35.609787,39.366203,-11.188531,-8.392284,25.530497,-19.182747,5.8828187,12.07315
weld_937.wav,0.002370829,0.0015781291,-582.3237,197.3296,-127.0631,59.842606,22.284153,-39.013126,42.084522,-12.797055,-7.5402913,26.779175,-21.480463,8.451308,12.508107
weld_938.wav,0.002620721,0.0017866632,-578.02563,200.5125,-124.6154,57.64126,22.01488,-37.666397,42.58088,-13.138725,-8.339866,28.090815,-21.248722,6.7142816,13.188041
weld_939.wav,0.0026497424,0.0017663005,-562.78326,195.24652,-113.08837,55.130825,22.729288,-36.790066,38.72601,-10.545686,-9.885047,24.723864,-18.806221,4.6793694,11.366762
weld_94.wav,0.001513991,0.0012954415,-607.3479,168.9603,-88.86199,36.434242,22.251894,-23.338163,29.164871,-5.1432805,-2.6275012,20.5101,-13.383196,5.6808386,11.379494
weld_940.wav,0.0025096808,0.0016316839,-567.4014,194.69868,-118.73706,54.442337,22.323309,-37.906654,39.825428,-10.488497,-9.804131,26.219,-18.580458,5.039692,12.431888
weld_941.wav,0.0021460713,0.0014088692,-582.3913,200.0825,-118.59678,53.843575,22.779737,-37.069195,38.532032,-11.786754,-9.081046,25.159346,-19.773375,5.689927,11.6304245
weld_942.wav,0.0024787935,0.0016720605,-572.71674,197.12276,-113.48219,56.786964,22.888144,-36.23059,38.171783,-12.298949,-8.076404,24.692757,-21.019096,5.655303,10.841286
weld_943.wav,0.0023224729,0.0015014908,-567.4597,184.61847,-111.907715,51.85875,22.738173,-36.829838,36.7479,-9.053655,-10.180765,24.833923,-17.41447,3.3471398,12.699414
weld_944.wav,0.0021803046,0.0013887556,-591.5957,203.61833,-126.68596,56.706886,22.936514,-38.362415,41.608124,-12.420118,-8.231505,27.291588,-21.155062,6.661861,12.733081
weld_945.wav,0.0025257946,0.0016910322,-566.18677,194.28462,-125.79129,53.500946,22.493336,-36.225986,39.7856,-12.428293,-6.413633,26.40559,-21.438469,7.4540195,12.052634
weld_946.wav,0.0020624823,0.0013613475,-582.2625,192.45612,-119.46282,51.78688,24.936464,-36.514973,37.130577,-8.398151,-7.2078404,25.437973,-17.769445,5.811332,12.7002945
weld_947.wav,0.001894294,0.0012679431,-560.4854,161.18564,-97.95152,41.776173,22.31317,-30.627644,30.26883,-5.7629237,-7.6334515,21.09246,-14.451068,2.8042696,11.330762
weld_948.wav,0.0017199,0.0010027357,-588.7739,192.7853,-116.84081,51.298843,23.488234,-34.759468,37.444473,-10.891814,-7.830088,24.813229,-20.125996,4.8839207,12.500313
weld_949.wav,0.0025667737,0.0018001401,-562.0887,183.62852,-115.37039,50.636063,23.547691,-33.499493,37.962215,-9.454234,-7.3395514,25.352043,-18.296616,5.8797035,13.218035
weld_95.wav,0.0014736868,0.001519408,-556.49756,115.47544,-60.74927,25.29776,19.285583,-14.317144,18.909012,-2.592624,-0.86797583,15.0749235,-8.881085,2.5829916,8.571229
weld_950.wav,0.0023993899,0.0016185503,-580.88684,192.46948,-117.51584,58.465595,24.313171,-36.95802,40.800167,-9.712293,-8.508547,25.975607,-19.357027,5.916542,13.065864
weld_951.wav,0.0022542945,0.0014835133,-572.8055,185.28531,-115.1343,53.817238,23.48459,-35.077156,38.784836,-9.387002,-8.069163,25.116861,-18.390188,5.637777,12.249083
weld_952.wav,0.0021805284,0.0014290788,-583.0785,199.93881,-125.83562,55.687946,21.108185,-39.294697,41.239063,-12.252334,-8.289227,27.033697,-21.407215,6.531861,12.803608
weld_953.wav,0.0024624795,0.0017331255,-563.9752,185.605,-119.44425,52.84739,21.8217,-34.99016,38.60315,-11.14964,-5.5995946,25.807299,-19.945425,7.8357973,12.34337
weld_954.wav,0.0021926349,0.0013646394,-582.6324,199.24008,-130.28952,59.931736,23.940569,-39.859123,42.63964,-12.246875,-8.578365,27.963303,-21.741531,6.58637,14.274887
weld_955.wav,0.0022671788,0.0014090347,-582.52716,199.86746,-136.12364,59.605896,21.09202,-41.887535,44.384933,-13.89173,-9.211677,29.414478,-22.215897,7.291184,14.472732
weld_956.wav,0.0019645323,0.0012455332,-595.28937,205.33403,-130.7502,57.99731,21.676767,-40.682808,42.417538,-13.702583,-8.963611,28.1045,-22.172173,7.0737386,14.094812
weld_957.wav,0.0031170493,0.0020691534,-562.97565,204.83057,-134.09653,59.426327,21.275269,-39.112366,44.7605,-15.835796,-8.434862,29.382244,-23.54935,7.7149386,13.758537
weld_958.wav,0.0028883782,0.0019002332,-569.38837,203.90182,-134.74332,60.864544,21.846746,-40.893906,45.100426,-13.951997,-9.017857,29.200033,-22.344473,7.1159267,13.43764
weld_959.wav,0.0027029624,0.0018092925,-567.89246,195.38116,-132.7879,58.20496,21.920313,-40.596985,42.49358,-13.215019,-9.111098,27.930975,-21.490036,6.759091,13.253669
weld_96.wav,0.0016277342,0.0012182987,-592.4159,179.14555,-95.7814,43.873672,22.647804,-26.597065,33.129456,-7.4377565,-3.5167043,23.645735,-15.039771,5.63795,11.044249
weld_960.wav,0.0026869772,0.0018039278,-577.44183,195.77849,-130.07289,61.080597,21.042223,-39.53491,44.937557,-13.2339735,-7.955594,28.66522,-22.202984,8.072507,13.829776
weld_961.wav,0.0021508494,0.0014045143,-590.7794,201.78424,-133.60901,59.223545,21.794271,-40.661057,44.573643,-13.027347,-8.734431,29.440157,-21.907703,6.9680395,14.32559
weld_962.wav,0.0024020553,0.0015683491,-578.44025,199.84132,-133.53944,58.170208,21.06896,-39.555096,43.21868,-14.487262,-7.8313713,28.062399,-22.526161,8.3886595,13.187252
weld_963.wav,0.0024313391,0.0016600718,-568.78754,187.7266,-120.99926,54.775894,21.819595,-36.300617,39.104656,-12.723431,-7.5956492,26.019627,-20.44116,7.1838145,13.216556
weld_964.wav,0.0022625383,0.0014454453,-574.2715,193.1412,-126.613396,54.194828,21.521103,-39.90044,39.66759,-11.472304,-8.395403,27.624342,-19.574963,6.3555794,14.036131
weld_965.wav,0.0023217509,0.0015179715,-579.8238,200.58377,-129.52148,57.1208,20.979162,-40.594837,41.61855,-13.721763,-8.302678,29.066822,-21.423683,6.9005494,14.356669
weld_966.wav,0.0032234187,0.002127433,-547.4334,198.62012,-127.94653,59.274204,21.403782,-38.756725,42.61168,-14.620156,-8.058951,28.294998,-22.304487,6.769767,11.774187
weld_967.wav,0.0033621225,0.0020536268,-538.94824,197.99228,-129.04073,57.05978,22.003342,-39.907257,41.145847,-13.143704,-8.760193,27.651115,-21.355906,5.483803,11.595196
weld_968.wav,0.0028009713,0.0017502968,-557.2547,197.18755,-129.52168,55.908337,20.404667,-39.23749,42.487347,-14.127094,-9.230776,28.577333,-21.598776,5.994842,13.549186
weld_969.wav,0.0025910665,0.0013970216,-559.9984,205.55244,-128.3144,56.77748,20.767862,-39.877956,42.16852,-14.461064,-9.918299,27.72456,-22.089855,4.873433,11.576422
weld_97.wav,0.0018754719,0.00094662345,-594.38367,225.20287,-133.95,55.097553,14.658874,-43.33739,42.24414,-20.528782,-9.519449,29.391138,-26.004452,5.81729,9.739376
weld_970.wav,0.0027327016,0.0016309905,-547.42706,193.83617,-122.92294,56.76714,21.360266,-38.798347,39.463654,-13.671811,-8.833514,26.210112,-21.443617,5.6772866,11.240868
weld_971.wav,0.0032690698,0.0021643424,-545.6057,194.57086,-128.30838,55.80038,20.07556,-38.54251,40.84469,-14.714551,-7.251539,27.853205,-21.612062,8.149793,12.451722
weld_972.wav,0.002804215,0.0018337466,-563.265,207.20482,-126.53694,59.024937,22.578041,-40.631027,41.389618,-13.246345,-9.3454075,27.409397,-21.91613,5.425496,12.131213
weld_973.wav,0.0027629228,0.0017008575,-553.6092,200.8356,-120.47866,57.605232,22.367895,-38.39892,40.63283,-11.92191,-8.491339,26.444427,-20.653881,5.5859737,10.264072
weld_974.wav,0.0026765459,0.0016638964,-562.48236,208.37097,-127.85665,57.388157,22.646204,-39.799507,40.70642,-14.371257,-9.256628,26.714628,-23.112667,5.7035794,11.7475395
weld_975.wav,0.0020828443,0.0012634994,-580.17535,204.14941,-122.07931,53.881622,22.723333,-39.141293,38.150383,-12.250328,-9.879256,25.404964,-20.14123,4.6978292,10.956988
weld_976.wav,0.002726555,0.0017912763,-555.8109,189.96196,-114.29762,55.22513,23.652342,-37.260498,37.707363,-10.190997,-9.6149025,25.277773,-18.40865,4.176654,12.072122
weld_977.wav,0.0023615654,0.0014892038,-575.1519,206.68384,-127.90027,56.65649,23.924376,-41.899353,40.168243,-11.073696,-10.95205,26.878702,-19.461725,4.3436522,11.927821
weld_978.wav,0.002319176,0.0015613647,-569.7955,189.36723,-115.74633,52.95799,24.103617,-35.88788,37.35598,-9.211459,-7.573913,25.585894,-17.884846,5.2586155,11.996724
weld_979.wav,0.003282382,0.002180579,-547.87134,195.6042,-122.5482,59.94336,21.438442,-39.839935,41.488247,-13.255337,-9.850613,26.753391,-21.388353,5.341371,11.434002
weld_98.wav,0.0018235851,0.0010709326,-577.114,197.86606,-118.28229,45.490566,13.517661,-35.998985,37.925045,-16.81436,-7.4325314,26.779089,-22.22803,5.1656575,9.622873
weld_980.wav,0.0027188843,0.0017287749,-556.8944,188.97162,-122.80408,57.55449,21.250463,-39.501675,40.34341,-12.330583,-9.438454,26.676094,-19.94004,5.845209,12.122011
weld_981.wav,0.0023976893,0.0013734348,-570.1836,206.13658,-122.71809,58.504868,23.75719,-39.00609,40.253136,-13.191254,-9.725304,26.472795,-21.018888,5.6460443,11.562837
weld_982.wav,0.002700507,0.001865402,-559.0736,192.30331,-117.192024,54.427765,21.754148,-35.74143,39.272533,-12.626512,-8.155709,26.513512,-19.814812,6.1341805,12.321872
weld_983.wav,0.0027794861,0.0018578428,-569.9957,200.19116,-128.83609,59.220882,22.329737,-39.90961,43.022575,-12.778729,-9.135137,28.218609,-20.853456,6.6610017,12.95127
weld_984.wav,0.0028180485,0.0018538154,-551.54047,185.12735,-121.27554,57.36939,23.28327,-37.79066,40.153435,-11.418358,-9.92198,26.317965,-18.88485,5.1692944,12.093562
weld_985.wav,0.0022638396,0.0013894794,-581.2123,210.33723,-132.53891,60.840137,24.322407,-40.462017,43.171864,-13.583531,-9.026617,28.242996,-21.97802,6.8379045,12.182851
weld_986.wav,0.0024146868,0.0014825407,-570.9281,204.10963,-130.13472,55.81497,22.94629,-39.066525,40.51152,-12.916347,-7.30199,27.235142,-21.611002,7.1468024,12.043203
weld_987.wav,0.0021780985,0.0014204624,-580.0197,205.59921,-127.54257,55.349342,23.79995,-40.587498,39.20177,-11.657773,-8.957398,27.102333,-20.406488,5.9394846,13.54621
weld_988.wav,0.002078024,0.0012947578,-576.1453,192.00078,-116.51038,53.336014,24.356937,-36.16809,37.35472,-9.623265,-7.7536645,25.584791,-18.221176,5.266709,12.025905
weld_989.wav,0.0022270018,0.0013136517,-574.53516,198.15585,-120.789566,55.772892,21.346786,-38.365215,38.717056,-13.201694,-7.929625,25.748632,-21.433342,6.525192,11.452505
weld_99.wav,0.0018804244,0.0010156538,-587.20557,210.40067,-127.04403,51.58339,16.03759,-39.28202,40.51194,-17.61624,-8.568401,27.786947,-23.405659,5.9370155,9.746447
weld_990.wav,0.0025352277,0.0016154872,-563.1615,196.09195,-119.487206,55.485683,22.55503,-35.90155,38.705914,-13.016084,-6.5784945,25.609678,-21.411552,7.486924,11.516656
weld_991.wav,0.0023482644,0.0015189422,-566.44165,191.218,-114.39006,52.758175,22.589273,-35.333214,36.951366,-11.455425,-7.763412,24.389784,-20.15769,5.441414,11.525753
weld_992.wav,0.0020546704,0.0012751535,-578.7796,202.20605,-120.764565,53.118546,25.93315,-38.76721,36.597935,-9.546553,-9.615569,25.189236,-18.705631,4.0009236,12.492683
weld_993.wav,0.0022096843,0.0013160764,-564.62915,199.73056,-126.611496,53.30053,24.513086,-38.34672,39.2756,-10.542922,-8.984704,26.365,-19.263689,5.453611,12.324419
weld_994.wav,0.0026821187,0.0016162498,-562.893,213.93015,-127.590805,59.27667,21.15113,-38.75635,42.309338,-16.89428,-8.234348,27.487713,-24.703402,7.0633097,11.088852
weld_995.wav,0.0024450836,0.0015405888,-548.461,181.38377,-107.709724,49.362766,22.710627,-33.727444,34.234074,-9.939337,-8.021476,23.293581,-18.07217,4.8213506,12.569439
weld_996.wav,0.002330235,0.0014534052,-576.56836,211.12668,-128.04948,57.543045,25.57464,-39.495987,40.837364,-11.95367,-9.412881,26.978828,-21.732319,4.4070234,11.905026
weld_997.wav,0.0018226472,0.0012017335,-584.24536,194.70877,-121.144104,51.710197,22.095987,-37.143402,38.022167,-11.756533,-8.5102415,25.698679,-20.177149,4.9963436,12.042468
weld_998.wav,0.0025546136,0.0015626091,-563.01044,202.70137,-128.26364,56.980976,22.415768,-38.4295,40.80248,-14.403244,-7.894804,26.869297,-22.89804,6.803569,11.905832
weld_999.wav,0.0029748674,0.002108967,-552.3407,185.15591,-117.18445,54.283867,22.479235,-36.146812,38.696243,-10.69491,-8.351728,25.43114,-18.885702,5.5977073,11.729216
